timestamp;video_frame_count;event_type;norm_pos_x;norm_pos_y;duration;id;start_frame_index;end_frame_index
1755694067.087;0;Fixation;0.6038322660658093;0.5636837617850597;133.00013542175293;1.0;0;0
1755694067.253;1;Fixation;0.533913916128653;0.6052179030430168;266.9999599456787;2.0;1;2
1755694067.62;2;Fixation;0.574832820892334;0.6442768803349247;67.00015068054199;3.0;2;2
1755694067.72;2;Fixation;0.600127173161161;0.6626451747237004;733.0000400543213;4.0;2;4
1755694068.487;4;Fixation;0.5796476443608602;0.6552193465056244;233.0000400543213;5.0;4;4
1755694068.753;4;Fixation;0.540714118594215;0.682756385601387;434.00001525878906;6.0;4;6
1755694069.32;7;Fixation;0.4542457287128155;0.5615333752754409;400.00009536743164;7.0;7;10
1755694069.753;10;Fixation;0.4262633164723715;0.5754426376907915;634.0000629425049;8.0;10;16
1755694070.52;17;Fixation;0.34555344581604003;0.7862275017632379;99.99990463256836;9.0;17;17
1755694070.653;17;Fixation;0.39732920328776034;0.7758522598831742;233.99996757507324;10.0;17;18
1755694070.92;18;Fixation;0.41721828955191154;0.7781977523992093;332.99994468688965;11.0;18;19
1755694071.287;19;Fixation;0.3920828421910604;0.7846957877830223;100.00014305114746;12.0;19;19
1755694071.453;20;Fixation;0.5540635172526042;0.6259409021448208;133.99982452392578;13.0;20;20
1755694071.62;20;Fixation;0.5138092570834689;0.6270694308810765;67.00015068054199;14.0;20;21
1755694071.753;21;Fixation;0.44274812425885884;0.6171603894107557;200.00004768371582;15.0;21;22
1755694072.087;22;Fixation;0.2700961007012261;0.7685108891239874;66.00022315979004;16.0;22;22
1755694072.187;23;Fixation;0.32957283655802405;0.752325439453125;65.99998474121094;17.0;23;23
1755694072.287;23;Fixation;0.38117932095939727;0.7417898484218267;866.0001754760742;18.0;23;26
1755694073.587;28;Fixation;0.6271643956502279;0.5643338238751447;100.00014305114746;19.0;28;29
1755694073.72;29;Fixation;0.5754218578338623;0.5928855024738077;766.9999599456787;20.0;29;32
1755694074.52;33;Fixation;0.5829231421152751;0.5694048281069155;99.99990463256836;21.0;33;33
1755694074.687;34;Fixation;0.3929363886515299;0.7446209236427589;132.99989700317383;22.0;34;34
1755694074.853;34;Fixation;0.4176661809285481;0.7181536526150173;134.00006294250488;23.0;34;35
1755694075.053;36;Fixation;0.5293084462483724;0.791797270598235;167.00005531311035;24.0;36;36
1755694075.253;36;Fixation;0.5158533802738897;0.7674542525177631;266.9999599456787;25.0;36;37
1755694075.553;38;Fixation;0.5008005959647043;0.8200271929382648;200.99997520446777;26.0;38;39
1755694075.787;39;Fixation;0.5426787405303031;0.8191686867864846;332.99994468688965;27.0;39;40
1755694076.22;40;Fixation;0.357435925801595;0.8053164898907696;134.00006294250488;28.0;40;41
1755694076.487;42;Fixation;0.6046253204345703;0.779679404364692;233.0000400543213;29.0;42;43
1755694076.754;44;Fixation;0.5714091073899041;0.7827066088479664;200.00004768371582;30.0;44;45
1755694076.987;45;Fixation;0.4766198058923085;0.7873585453739873;500.0;31.0;45;48
1755694077.52;48;Fixation;0.48533261039040304;0.8057010021273937;334.0001106262207;32.0;48;50
1755694077.887;50;Fixation;0.5885811487833659;0.7640683209454572;66.99991226196289;33.0;50;50
1755694077.987;51;Fixation;0.6089570999145508;0.7284713825851523;200.00004768371582;34.0;51;51
1755694078.22;51;Fixation;0.5933361180623373;0.7032675283926505;134.00006294250488;35.0;51;52
1755694078.42;52;Fixation;0.4379755973815918;0.7554287637524333;333.9998722076416;36.0;52;56
1755694078.82;56;Fixation;0.5732658840361096;0.7051445451363054;200.00004768371582;37.0;56;57
1755694079.087;58;Fixation;0.4542460568745931;0.7265580127857351;133.00013542175293;38.0;58;59
1755694079.254;59;Fixation;0.40526058055736397;0.7247435958297165;266.00003242492676;39.0;59;64
1755694079.754;67;Fixation;0.5278434700436063;0.6951123649691358;166.0001277923584;40.0;67;70
1755694079.987;71;Fixation;0.38055869593764796;0.7116740885005656;332.99994468688965;41.0;71;78
1755694080.387;79;Fixation;0.5407825072606405;0.6926452848646376;232.9998016357422;42.0;79;82
1755694080.687;84;Fixation;0.36446386973063144;0.7084264838735664;332.99994468688965;43.0;84;87
1755694081.12;89;Fixation;0.07545865972836809;0.7285140143500435;100.00014305114746;44.0;89;90
1755694081.287;90;Fixation;0.06697313388188675;0.6911305180302373;67.00015068054199;45.0;90;91
1755694081.387;91;Fixation;0.0960913737614949;0.6652164035373266;66.99991226196289;46.0;91;92
1755694081.487;92;Fixation;0.15400422414143877;0.6040608535578221;167.00005531311035;47.0;92;92
1755694081.687;93;Fixation;0.1993431341080438;0.6100021281570355;200.00004768371582;48.0;93;94
1755694082.054;94;Fixation;0.6413473373804337;0.7700790666107438;400.00009536743164;49.0;94;98
1755694082.787;99;Fixation;0.35198662167503725;0.6492387478944487;266.9999599456787;50.0;99;101
1755694083.087;101;Fixation;0.37822712884433024;0.6642558431087869;1500.0;51.0;101;122
1755694084.62;123;Fixation;0.3920833129291386;0.674675320305771;1400.0000953674316;52.0;123;151
1755694086.187;156;Fixation;0.7499807781643338;0.8109054565429689;66.99991226196289;53.0;156;158
1755694086.487;161;Fixation;0.7455365816752116;0.8141907303421585;66.99991226196289;54.0;161;161
1755694086.587;161;Fixation;0.7097439659966363;0.8067636183750484;67.00015068054199;55.0;161;162
1755694086.687;162;Fixation;0.6398077374412899;0.7841964398742352;200.00004768371582;56.0;162;163
1755694086.92;164;Fixation;0.6088182943838614;0.7708791159798579;266.9999599456787;57.0;164;165
1755694087.22;165;Fixation;0.5124493153889974;0.7957668163158277;134.00006294250488;58.0;165;166
1755694087.387;166;Fixation;0.4636481807345435;0.8016881872106484;432.999849319458;59.0;166;172
1755694087.887;174;Fixation;0.6038336325382841;0.7528073690171786;732.9998016357422;60.0;174;190
1755694088.687;191;Fixation;0.42964120138259154;0.81531085463428;200.00004768371582;61.0;191;195
1755694088.92;196;Fixation;0.4792828030056423;0.8189328605746046;66.99991226196289;62.0;196;197
1755694089.354;201;Fixation;0.3669839051251854;0.6773470926661164;2000.0;63.0;201;238
1755694091.387;239;Fixation;0.36856665424272134;0.687043216458766;3366.999864578247;64.0;239;321
1755694094.787;322;Fixation;0.36084004879927317;0.6909851593090287;5667.00005531311;65.0;322;486
1755694100.621;492;Fixation;0.3749315168799423;0.6779134211070708;1332.9999446868896;66.0;492;532
1755694102.154;538;Fixation;0.7294435183207194;0.8263759754322194;66.99991226196289;67.0;538;540
1755694102.254;541;Fixation;0.6357071346706814;0.8027121461467979;100.00014305114746;68.0;541;544
1755694102.387;545;Fixation;0.5756385326385498;0.7967721868444372;99.99990463256836;69.0;545;548
1755694102.521;549;Fixation;0.5311918417612712;0.7784569916901766;100.00014305114746;70.0;549;551
1755694102.687;553;Fixation;0.4643925666809081;0.731706825538918;467.00000762939453;71.0;553;561
1755694103.187;562;Fixation;0.45061443873814166;0.7632363374901827;200.00004768371582;72.0;562;565
1755694103.421;565;Fixation;0.43505042394002275;0.7882559175844546;99.99990463256836;73.0;565;567
1755694103.554;567;Fixation;0.3781641188121977;0.757778962957796;200.00004768371582;74.0;567;571
1755694103.787;573;Fixation;0.35756352389300317;0.7375765890741545;266.9999599456787;75.0;573;577
1755694104.087;578;Fixation;0.37541380723317463;0.7686705977828415;234.00020599365234;76.0;578;582
1755694104.354;582;Fixation;0.39245559904310434;0.7620995980721934;166.99981689453125;77.0;582;586
1755694104.587;587;Fixation;0.2815194332238399;0.7672138612278384;334.0001106262207;78.0;587;594
1755694105.021;598;Fixation;0.24288866678873694;0.8029613918728299;133.00013542175293;79.0;598;598
1755694105.221;600;Fixation;0.5020274162292481;0.7492318047417534;100.00014305114746;80.0;600;603
1755694105.354;604;Fixation;0.5140518267949423;0.7342817094590929;99.99990463256836;81.0;604;606
1755694105.487;606;Fixation;0.42599299748738606;0.735992916719413;367.0001029968262;82.0;606;611
1755694105.887;612;Fixation;0.4561277283562554;0.7289653825171201;66.99991226196289;83.0;612;615
1755694105.987;616;Fixation;0.5785652372572156;0.7112047831217448;167.00005531311035;84.0;616;619
1755694106.187;620;Fixation;0.5409484465916952;0.6999250341344764;99.99990463256836;85.0;620;621
1755694106.321;621;Fixation;0.5116004837883843;0.685914338665244;165.9998893737793;86.0;621;624
1755694106.554;625;Fixation;0.41064291353578913;0.6839335249284656;267.0001983642578;87.0;625;632
1755694106.854;632;Fixation;0.4071474949518839;0.7038672553168404;99.99990463256836;88.0;632;635
1755694107.021;636;Fixation;0.2631991402308146;0.733277712221499;300.0001907348633;89.0;636;641
1755694107.354;643;Fixation;0.3020082791646321;0.7423540280189045;166.99981689453125;90.0;643;647
1755694107.587;650;Fixation;0.5055894374847412;0.7503551680953414;300.0001907348633;91.0;650;659
1755694107.954;661;Fixation;0.3032474482500994;0.7663532837918756;266.9999599456787;92.0;661;669
1755694108.287;671;Fixation;0.6100601196289063;0.7772695470739295;67.00015068054199;93.0;671;673
1755694108.387;674;Fixation;0.5340187644958496;0.7756840458622685;133.99982452392578;94.0;674;678
1755694108.621;681;Fixation;0.7418695516753615;0.7394293206941779;599.9999046325684;95.0;681;699
1755694109.354;703;Fixation;0.2785550047953923;0.7502230238031459;1032.9999923706055;96.0;703;734
1755694110.454;736;Fixation;0.47545333030896303;0.7594200460319845;400.00009536743164;97.0;736;748
1755694110.921;750;Fixation;0.28317706982294716;0.7626219749450683;500.0;98.0;750;765
1755694111.487;767;Fixation;0.4737663014729819;0.7652398116500291;467.00000762939453;99.0;767;780
1755694112.021;783;Fixation;0.26718783265068413;0.7906008725443845;433.0000877380371;100.0;783;795
1755694112.521;798;Fixation;0.46972257729732625;0.772523519085714;333.00018310546875;101.0;798;808
1755694112.954;811;Fixation;0.7217963340954902;0.7208672939202725;400.00009536743164;102.0;811;823
1755694113.621;831;Fixation;0.4165718475977579;0.6465194278293186;99.99990463256836;103.0;831;835
1755694113.754;835;Fixation;0.4454208294550578;0.6597334261293765;100.00014305114746;104.0;835;838
1755694113.921;840;Fixation;0.43872683842976895;0.5053411130551939;99.99990463256836;105.0;840;843
1755694114.054;843;Fixation;0.445724762810601;0.5513146482867959;133.00013542175293;106.0;843;848
1755694114.321;851;Fixation;0.5656392987569174;0.6648740528247974;299.9999523162842;107.0;851;856
1755694114.654;856;Fixation;0.5658170827229817;0.694352123119213;132.99989700317383;108.0;856;862
1755694114.954;864;Fixation;0.3662811358769734;0.5372227138943143;132.99989700317383;109.0;864;870
1755694115.121;870;Fixation;0.39110314581129285;0.5711934313362028;165.9998893737793;110.0;870;875
1755694115.321;875;Fixation;0.4187349637349446;0.5947523611563225;99.99990463256836;111.0;875;879
1755694115.554;883;Fixation;0.2691103935241698;0.819403234411169;133.00013542175293;112.0;883;886
1755694115.721;888;Fixation;0.29707699616750083;0.8000372286196108;133.00013542175293;113.0;888;891
1755694115.887;892;Fixation;0.33825569788614906;0.7935347832573785;133.99982452392578;114.0;892;896
1755694116.054;896;Fixation;0.3675853835211859;0.8016123453776042;100.00014305114746;115.0;896;900
1755694116.187;902;Fixation;0.4099749787648518;0.8137282449227794;667.0000553131104;116.0;902;922
1755694116.887;923;Fixation;0.4096392538033279;0.7961338284228622;533.9999198913574;117.0;923;938
1755694118.121;957;Fixation;0.3848435189988878;0.6378731621636285;65.99998474121094;118.0;957;959
1755694118.987;981;Fixation;0.347173966301812;0.8564570485809703;134.00006294250488;119.0;981;984
1755694119.287;987;Fixation;0.3490703052944607;0.7773924085828994;67.00015068054199;120.0;987;989
1755694119.454;992;Fixation;0.35738822619120275;0.6875740051269531;66.99991226196289;121.0;992;995
1755694119.587;996;Fixation;0.3791835678948296;0.619479615011333;67.00015068054199;122.0;996;996
1755694119.687;998;Fixation;0.442870913611518;0.6302021733036747;66.99991226196289;123.0;998;1000
1755694119.954;1007;Fixation;0.4163736555311415;0.650331935176143;200.00004768371582;124.0;1007;1013
1755694120.187;1014;Fixation;0.4497821853274391;0.6289942584971271;200.00004768371582;125.0;1014;1016
1755694120.521;1020;Fixation;0.5730259047614203;0.6420164508584106;166.0001277923584;126.0;1020;1027
1755694120.854;1031;Fixation;0.5633671654595269;0.6987808981059511;133.99982452392578;127.0;1031;1036
1755694121.021;1037;Fixation;0.5554609775543212;0.7520552034731265;100.00014305114746;128.0;1037;1038
1755694121.254;1043;Fixation;0.7145787556966146;0.7799376876265914;67.00015068054199;129.0;1043;1045
1755694121.688;1055;Fixation;0.6865177790323893;0.6136821322970921;133.00013542175293;130.0;1055;1061
1755694121.921;1064;Fixation;0.6073181947072348;0.58254965322989;167.00005531311035;131.0;1064;1069
1755694122.521;1082;Fixation;0.7649950239393445;0.8696738914207175;67.00015068054199;132.0;1082;1083
1755694122.621;1084;Fixation;0.706942367553711;0.8525195839964312;66.99991226196289;133.0;1084;1085
1755694122.821;1089;Fixation;0.5788621690538196;0.818810620720004;66.99991226196289;134.0;1089;1091
1755694122.954;1094;Fixation;0.7340321222941081;0.6569635744448061;99.99990463256836;135.0;1094;1097
1755694123.088;1097;Fixation;0.6669767634073892;0.6763763088650173;132.99989700317383;136.0;1097;1102
1755694123.254;1103;Fixation;0.6095181020100912;0.6688667579933448;134.00006294250488;137.0;1103;1106
1755694123.421;1108;Fixation;0.5452061653137207;0.7002025462962963;66.99991226196289;138.0;1108;1110
1755694123.521;1110;Fixation;0.5165976524353028;0.7362841712103949;100.00014305114746;139.0;1110;1114
1755694123.654;1115;Fixation;0.3847661124335394;0.8024840178313078;167.00005531311035;140.0;1115;1119
1755694123.988;1125;Fixation;0.4922683906555176;0.8033032904730903;133.00013542175293;141.0;1125;1129
1755694124.154;1130;Fixation;0.45082202487521705;0.7646455364462771;66.99991226196289;142.0;1130;1131
1755694124.454;1138;Fixation;0.4108018068166879;0.7223084061234087;400.00009536743164;143.0;1138;1149
1755694124.921;1152;Fixation;0.6225036197238498;0.45070961846245655;99.99990463256836;144.0;1152;1154
1755694125.054;1156;Fixation;0.5877931753794352;0.45185314107824254;234.00020599365234;145.0;1156;1162
1755694125.554;1170;Fixation;0.4753364165623982;0.6485797175654658;100.00014305114746;146.0;1170;1172
1755694125.888;1180;Fixation;0.41935094197591144;0.6938877246997974;99.99990463256836;147.0;1180;1182
1755694126.021;1184;Fixation;0.5131796942816841;0.6862383618766879;67.00015068054199;148.0;1184;1186
1755694126.121;1187;Fixation;0.4252341270446777;0.7618979277434172;66.99991226196289;149.0;1187;1189
1755694126.654;1202;Fixation;0.38510877821180556;0.6183984261971933;99.99990463256836;150.0;1202;1206
1755694127.021;1214;Fixation;0.4016542116800944;0.7329863183292341;100.00014305114746;151.0;1214;1217
1755694127.221;1218;Fixation;0.4612146801418728;0.836537151572145;67.00015068054199;152.0;1218;1223
1755694127.321;1223;Fixation;0.4948802259233262;0.8931193881564671;166.99981689453125;153.0;1223;1227
1755694127.654;1233;Fixation;0.4153626251220703;0.6401939787688079;134.00006294250488;154.0;1233;1236
1755694127.854;1240;Fixation;0.3677726018996466;0.5405251074089574;199.99980926513672;155.0;1240;1244
1755694128.088;1244;Fixation;0.3888224347432454;0.5304563056098092;132.99989700317383;156.0;1244;1249
1755694128.288;1251;Fixation;0.5089692672093709;0.5103917863633899;99.99990463256836;157.0;1251;1254
1755694128.421;1254;Fixation;0.4861092122395833;0.48874706127025463;132.99989700317383;158.0;1254;1259
1755694128.588;1259;Fixation;0.521494874500093;0.7746762956891741;266.00003242492676;159.0;1259;1268
1755694128.888;1268;Fixation;0.5104099909464519;0.7490661432713638;165.9998893737793;160.0;1268;1291
1755694129.088;1291;Fixation;0.47903309663136795;0.7355357134783709;99.99990463256836;161.0;1291;1291
1755694129.221;1291;Fixation;0.44899478912353513;0.7391320461697047;133.00013542175293;162.0;1291;1291
1755694129.454;1296;Fixation;0.5159368091159396;0.703633193027826;167.00005531311035;163.0;1296;1296
1755694129.654;1296;Fixation;0.4913764706364384;0.6903223924676087;266.9999599456787;164.0;1296;1299
1755694129.954;1300;Fixation;0.47252531051635743;0.6697661034854843;66.99991226196289;165.0;1300;1302
1755694130.054;1303;Fixation;0.4749136500888401;0.5942921391239874;167.00005531311035;166.0;1303;1308
1755694130.454;1315;Fixation;0.6318600548638237;0.6835035724404417;99.99990463256836;167.0;1315;1318
1755694130.754;1324;Fixation;0.4497147687276204;0.7768198988172744;134.00006294250488;168.0;1324;1327
1755694130.921;1329;Fixation;0.4666049003601073;0.7482867393964603;66.99991226196289;169.0;1329;1331
1755694131.021;1331;Fixation;0.42417174975077304;0.7845196900544343;100.00014305114746;170.0;1331;1335
1755694131.288;1340;Fixation;0.39769898653030394;0.6966526102136683;232.9998016357422;171.0;1340;1346
1755694132.054;1361;Fixation;0.42272462844848635;0.8205216245298034;134.00006294250488;172.0;1361;1364
1755694132.221;1366;Fixation;0.44001684983571365;0.7760915968153211;100.00014305114746;173.0;1366;1368
1755694132.354;1369;Fixation;0.4367772490889938;0.7213232409316326;266.9999599456787;174.0;1369;1377
1755694132.654;1379;Fixation;0.43404604480380093;0.7099309830438525;899.9998569488525;175.0;1379;1406
1755694133.654;1408;Fixation;0.30568271478017167;0.5982534055356626;99.99990463256836;176.0;1408;1411
1755694133.788;1413;Fixation;0.34528959592183434;0.5051955611617477;99.99990463256836;177.0;1413;1416
1755694134.021;1419;Fixation;0.443290278116862;0.7623136506257233;133.00013542175293;178.0;1419;1423
1755694134.221;1425;Fixation;0.34060422579447425;0.4940051114117658;233.0000400543213;179.0;1425;1431
1755694134.488;1433;Fixation;0.3660559442308214;0.5197964421025029;166.0001277923584;180.0;1433;1437
1755694134.688;1439;Fixation;0.3927688651614719;0.5367645452051987;166.0001277923584;181.0;1439;1443
1755694134.888;1446;Fixation;0.41540815918533874;0.5018526053722995;266.00003242492676;182.0;1446;1451
1755694135.188;1452;Fixation;0.4333188056945801;0.48389908402054405;133.00013542175293;183.0;1452;1455
1755694135.354;1457;Fixation;0.4665686334882464;0.497200294777199;199.99980926513672;184.0;1457;1463
1755694135.588;1463;Fixation;0.47794928487141924;0.5011032466182003;799.9999523162842;185.0;1463;1488
1755694136.421;1488;Fixation;0.47519532839457196;0.5396735014738859;167.00005531311035;186.0;1488;1493
1755694136.621;1493;Fixation;0.48188272476196287;0.5769684629087094;132.99989700317383;187.0;1493;1496
1755694136.788;1499;Fixation;0.49988720328719527;0.6357406490624198;565.9999847412109;188.0;1499;1516
1755694137.388;1517;Fixation;0.49973788128958807;0.6787770306622539;766.0000324249268;189.0;1517;1540
1755694138.188;1541;Fixation;0.48752549943469814;0.6690149135690519;433.0000877380371;190.0;1541;1553
1755694138.654;1553;Fixation;0.4707771105644031;0.493497130130431;434.00001525878906;191.0;1553;1567
1755694139.154;1569;Fixation;0.3380779504776001;0.6035388240107783;299.9999523162842;192.0;1569;1578
1755694139.521;1580;Fixation;0.365793280508004;0.6254947471203108;532.9999923706055;193.0;1580;1595
1755694140.121;1597;Fixation;0.2047044475873311;0.6032205652307582;99.99990463256836;194.0;1597;1599
1755694140.254;1601;Fixation;0.2341481208801269;0.5905950161655252;299.9999523162842;195.0;1601;1610
1755694140.588;1610;Fixation;0.25658145384355024;0.5915011884387495;332.99994468688965;196.0;1610;1622
1755694141.054;1625;Fixation;0.7148709615071615;0.8839976746358988;67.00015068054199;197.0;1625;1626
1755694141.188;1629;Fixation;0.6540173212687175;0.8326288972077547;166.0001277923584;198.0;1629;1632
1755694141.454;1635;Fixation;0.5265495247311063;0.7909178463029273;167.00005531311035;199.0;1635;1640
1755694141.654;1640;Fixation;0.4964954578515255;0.7866576120909617;399.99985694885254;200.0;1640;1652
1755694142.154;1655;Fixation;0.3478896776835123;0.5210370381673177;134.00006294250488;201.0;1655;1661
1755694142.421;1664;Fixation;0.5558557510375977;0.7650129812735098;99.99990463256836;202.0;1664;1666
1755694142.554;1668;Fixation;0.5010611746046277;0.8130126764744888;67.00015068054199;203.0;1668;1670
1755694142.654;1671;Fixation;0.4777971479627821;0.7821234997407891;66.99991226196289;204.0;1671;1673
1755694142.821;1676;Fixation;0.45586333274841306;0.7429630138255933;99.99990463256836;205.0;1676;1679
1755694142.954;1679;Fixation;0.4726869932810465;0.7551461905020254;299.9999523162842;206.0;1679;1689
1755694143.354;1692;Fixation;0.4475398103396097;0.8890154167457863;233.99996757507324;207.0;1692;1698
1755694143.621;1699;Fixation;0.454666214897519;0.8477818161091478;200.00004768371582;208.0;1699;1704
1755694143.854;1707;Fixation;0.4301811324225532;0.8197969318907938;166.99981689453125;209.0;1707;1711
1755694144.121;1713;Fixation;0.3680550363328722;0.7226624665436922;66.99991226196289;210.0;1713;1716
1755694144.221;1717;Fixation;0.3807726065317789;0.6047480547869647;67.00015068054199;211.0;1717;1721
1755694144.355;1722;Fixation;0.40887992743289836;0.5541280829946602;332.99994468688965;212.0;1722;1731
1755694144.721;1731;Fixation;0.4270529323154026;0.5613100593472704;167.00005531311035;213.0;1731;1735
1755694145.155;1746;Fixation;0.7102594693501791;1.0082589608651622;65.99998474121094;214.0;1746;1748
1755694145.355;1752;Fixation;0.6272249976793924;0.8981280185558178;500.0;215.0;1752;1766
1755694145.888;1767;Fixation;0.6368527518378364;0.8667540891670886;367.0001029968262;216.0;1767;1777
1755694146.388;1783;Fixation;0.21477983262803818;0.8093284135983314;66.99991226196289;217.0;1783;1784
1755694146.488;1786;Fixation;0.2630302747090657;0.7943136144567419;67.00015068054199;218.0;1786;1787
1755694146.588;1789;Fixation;0.3070840835571289;0.7895657715974032;233.0000400543213;219.0;1789;1795
1755694146.855;1796;Fixation;0.3373077604505751;0.8024852423020352;99.99990463256836;220.0;1796;1799
1755694146.988;1800;Fixation;0.3700765736897786;0.8196607123480903;133.00013542175293;221.0;1800;1804
1755694147.155;1805;Fixation;0.39374270121256505;0.8371710770218461;133.00013542175293;222.0;1805;1809
1755694147.321;1810;Fixation;0.41564054489135743;0.860683681346752;99.99990463256836;223.0;1810;1813
1755694147.755;1823;Fixation;0.3903009335199991;0.4427389356825087;99.99990463256836;224.0;1823;1825
1755694147.888;1827;Fixation;0.4355213907029893;0.48235565939067315;66.99991226196289;225.0;1827;1828
1755694147.988;1831;Fixation;0.46841240723927824;0.5709210007279009;133.00013542175293;226.0;1831;1835
1755694148.155;1835;Fixation;0.4879871924718221;0.6193756951226128;100.00014305114746;227.0;1835;1838
1755694148.288;1839;Fixation;0.5003170903523764;0.6456637121129919;132.99989700317383;228.0;1839;1843
1755694148.455;1843;Fixation;0.3865818553500705;0.7303631723662954;166.0001277923584;229.0;1843;1849
1755694148.655;1851;Fixation;0.47307497660319003;0.6485266728656284;266.00003242492676;230.0;1851;1857
1755694148.955;1859;Fixation;0.4897262473901113;0.6261220437509043;500.0;231.0;1859;1874
1755694149.555;1878;Fixation;0.5309461752573649;0.7375729031032987;299.9999523162842;232.0;1878;1886
1755694149.888;1887;Fixation;0.5206239064534506;0.7603504402927623;200.00004768371582;233.0;1887;1893
1755694150.121;1894;Fixation;0.5187236626942953;0.7290267520480685;99.99990463256836;234.0;1894;1898
1755694150.421;1903;Fixation;0.4115654373168945;0.5962391832139756;134.00006294250488;235.0;1903;1907
1755694150.588;1908;Fixation;0.46306342654758026;0.6049088089554399;967.0000076293945;236.0;1908;1937
1755694151.588;1938;Fixation;0.46328174591064464;0.6446448394398631;467.00000762939453;237.0;1938;1951
1755694152.088;1953;Fixation;0.46426100730895997;0.6662087697831413;432.999849319458;238.0;1953;1967
1755694152.555;1968;Fixation;0.4062568770514594;0.6297585475591966;365.9999370574951;239.0;1968;1978
1755694152.955;1979;Fixation;0.4008417394426133;0.6000801839946228;166.0001277923584;240.0;1979;1984
1755694153.155;1985;Fixation;0.45486511342665725;0.6095213912930625;532.9999923706055;241.0;1985;2000
1755694154.088;2014;Fixation;0.4816249423556857;1.0155410201461226;66.99991226196289;242.0;2014;2015
1755694154.221;2018;Fixation;0.460802682240804;0.9146858497902198;67.00015068054199;243.0;2018;2019
1755694154.321;2020;Fixation;0.4812210146586101;0.9217182526765046;133.99982452392578;244.0;2020;2024
1755694154.488;2025;Fixation;0.4796196884579129;0.8833037011417343;367.0001029968262;245.0;2025;2035
1755694155.188;2047;Fixation;0.3739721616109212;0.4710650785469715;67.00015068054199;246.0;2047;2047
1755694155.288;2049;Fixation;0.3285457187228732;0.5122106669861594;66.99991226196289;247.0;2049;2051
1755694155.388;2052;Fixation;0.323654842376709;0.47660481017312883;66.99991226196289;248.0;2052;2054
1755694155.721;2062;Fixation;0.4903498649597168;0.9314702917028357;100.00014305114746;249.0;2062;2066
1755694155.855;2066;Fixation;0.46656852563222245;0.9010618280481408;99.99990463256836;250.0;2066;2069
1755694155.988;2071;Fixation;0.4444300889968872;0.8826242376256873;233.0000400543213;251.0;2071;2077
1755694156.255;2077;Fixation;0.4680282804701063;0.8632765404972031;265.99979400634766;252.0;2077;2084
1755694156.555;2084;Fixation;0.44650516999073514;0.8548208079107128;399.99985694885254;253.0;2084;2096
1755694156.988;2096;Fixation;0.4597950617472331;0.8829178195529515;300.0001907348633;254.0;2096;2107
1755694157.321;2107;Fixation;0.4808642758263482;0.890231634069372;166.99981689453125;255.0;2107;2112
1755694157.521;2114;Fixation;0.4141415913899739;0.8645714025929142;267.0001983642578;256.0;2114;2121
1755694157.855;2122;Fixation;0.4797085762023926;0.8875973637067675;532.9999923706055;257.0;2122;2138
1755694158.421;2140;Fixation;0.5342737992604574;0.8996629973988475;167.00005531311035;258.0;2140;2145
1755694158.621;2145;Fixation;0.49096536835034693;0.8889787214773672;533.9999198913574;259.0;2145;2161
1755694159.188;2163;Fixation;0.5201356728871663;0.8785265227894725;367.0001029968262;260.0;2163;2172
1755694159.588;2173;Fixation;0.48910058339436846;0.8858610203657201;432.999849319458;261.0;2173;2188
1755694160.055;2188;Fixation;0.4832117250230577;0.8929087961455922;465.9998416900635;262.0;2188;2201
1755694160.555;2202;Fixation;0.4845152567303369;0.906149867897101;665.9998893737793;263.0;2202;2222
1755694161.255;2222;Fixation;0.5106260473077946;0.9179823852950074;332.99994468688965;264.0;2222;2233
1755694161.621;2235;Fixation;0.4893216482798258;0.8948885938856338;299.9999523162842;265.0;2235;2242
1755694161.955;2245;Fixation;0.5188395261764527;0.9129203089961299;200.00004768371582;266.0;2245;2251
1755694162.188;2252;Fixation;0.529031769434611;0.9296266202573423;133.00013542175293;267.0;2252;2255
1755694162.355;2257;Fixation;0.468938852239538;0.9362496332867155;266.00003242492676;268.0;2257;2264
1755694162.988;2274;Fixation;0.37294628779093425;0.44840626469364875;133.00013542175293;269.0;2274;2279
1755694163.355;2286;Fixation;0.5273675600687663;0.697827638225791;65.99998474121094;270.0;2286;2287
1755694163.455;2288;Fixation;0.5643757375081381;0.8144994439019099;133.00013542175293;271.0;2288;2293
1755694163.688;2294;Fixation;0.41453213294347135;0.6251230593080874;233.0000400543213;272.0;2294;2302
1755694163.988;2304;Fixation;0.5784306208292643;0.8570192690248845;67.00015068054199;273.0;2304;2306
1755694164.088;2307;Fixation;0.5850878715515136;0.8561710357666016;99.99990463256836;274.0;2307;2311
1755694164.321;2315;Fixation;0.498291015625;0.9393338521321615;66.99991226196289;275.0;2315;2316
1755694164.555;2320;Fixation;0.5362529277801513;0.9771402147081164;99.99990463256836;276.0;2320;2325
1755694164.688;2325;Fixation;0.5311990737915039;0.9280499170696925;200.00004768371582;277.0;2325;2331
1755694164.921;2331;Fixation;0.5304836908976236;0.9165940138398024;434.00001525878906;278.0;2331;2353
1755694165.655;2353;Fixation;0.37524965074327254;0.3963145880051601;100.00014305114746;279.0;2353;2357
1755694165.788;2357;Fixation;0.505597178141276;0.47069170210096567;99.99990463256836;280.0;2357;2359
1755694165.955;2363;Fixation;0.5168613115946452;0.5157418427643952;100.00014305114746;281.0;2363;2365
1755694166.088;2367;Fixation;0.5272002855936686;0.6118658419008608;233.0000400543213;282.0;2367;2374
1755694166.355;2374;Fixation;0.5295720100402832;0.651398590464651;65.99998474121094;283.0;2374;2376
1755694166.488;2378;Fixation;0.367132568359375;0.6802773181303048;167.00005531311035;284.0;2378;2382
1755694166.721;2383;Fixation;0.5330686251322428;0.654944450472608;167.00005531311035;285.0;2383;2388
1755694166.921;2390;Fixation;0.48803675651550293;0.6608066643608941;300.99987983703613;286.0;2390;2397
1755694167.255;2398;Fixation;0.470297342691666;0.6463876425370872;832.9999446868896;287.0;2398;2421
1755694168.122;2423;Fixation;0.4893920764588473;0.693103503251401;599.9999046325684;288.0;2423;2439
1755694168.755;2439;Fixation;0.47448266347249357;0.6996346609933037;199.99980926513672;289.0;2439;2444
1755694169.155;2451;Fixation;0.4530569576081775;0.6785272426706144;200.00004768371582;290.0;2451;2456
1755694169.388;2457;Fixation;0.48006524333247436;0.6980358610427918;266.9999599456787;291.0;2457;2463
1755694169.688;2464;Fixation;0.504314428662497;0.7046355259271315;667.0000553131104;292.0;2464;2485
1755694170.388;2486;Fixation;0.5322869539260864;0.7048895517985027;99.99990463256836;293.0;2486;2488
1755694170.722;2492;Fixation;0.34141503651936844;0.785292414912471;133.00013542175293;294.0;2492;2496
1755694170.888;2497;Fixation;0.361525273323059;0.7563553704155818;99.99990463256836;295.0;2497;2500
1755694171.022;2502;Fixation;0.3946334256066216;0.7306774845829717;165.9998893737793;296.0;2502;2506
1755694171.222;2508;Fixation;0.4182538059022692;0.7026388474452644;366.0001754760742;297.0;2508;2519
1755694171.622;2519;Fixation;0.48459122578303016;0.7463250901963977;233.0000400543213;298.0;2519;2527
1755694171.888;2527;Fixation;0.44509334564208985;0.6808521977177373;66.99991226196289;299.0;2527;2529
1755694171.988;2531;Fixation;0.42788114547729494;0.6544185920997901;233.99996757507324;300.0;2531;2537
1755694172.255;2539;Fixation;0.39878325992160374;0.6219633691104841;65.99998474121094;301.0;2539;2540
1755694172.455;2544;Fixation;0.3365202797783746;0.5511429115577982;166.0001277923584;302.0;2544;2549
1755694172.655;2551;Fixation;0.39081238428751625;0.5913082320601852;133.00013542175293;303.0;2551;2554
1755694172.821;2555;Fixation;0.4077742717884205;0.6186870936013054;266.9999599456787;304.0;2555;2564
1755694173.121;2565;Fixation;0.39793179035186765;0.5875937285246674;99.99990463256836;305.0;2565;2568
1755694173.988;2590;Fixation;0.3924444516499837;0.5490005634449148;100.00014305114746;306.0;2590;2593
1755694174.122;2595;Fixation;0.4252021471659342;0.5546784153691046;99.99990463256836;307.0;2595;2598
1755694174.255;2598;Fixation;0.45195540587107336;0.542596760502568;99.99990463256836;308.0;2598;2601
1755694174.555;2608;Fixation;0.4564721298217772;0.7934585232204863;132.99989700317383;309.0;2608;2611
1755694174.722;2611;Fixation;0.44512522617975864;0.7421925509417499;233.0000400543213;310.0;2611;2619
1755694174.988;2620;Fixation;0.4293485045433044;0.7041789443404587;233.99996757507324;311.0;2620;2627
1755694175.255;2628;Fixation;0.42996559143066404;0.6720549745912905;132.99989700317383;312.0;2628;2632
1755694175.422;2632;Fixation;0.46602915445963544;0.6563090232566551;133.00013542175293;313.0;2632;2637
1755694175.588;2639;Fixation;0.5119928019387382;0.6525021527810072;899.9998569488525;314.0;2639;2665
1755694176.522;2665;Fixation;0.5275283919440376;0.6643667903947243;165.9998893737793;315.0;2665;2671
1755694176.722;2671;Fixation;0.5655367724100749;0.6612134919343172;300.0001907348633;316.0;2671;2680
1755694177.055;2681;Fixation;0.5743871440058169;0.6739656555863778;733.0000400543213;317.0;2681;2703
1755694177.822;2705;Fixation;0.550134785970052;0.6926708927860967;99.99990463256836;318.0;2705;2708
1755694177.955;2709;Fixation;0.5219322522481281;0.7096122233072916;467.00000762939453;319.0;2709;2723
1755694178.455;2723;Fixation;0.5275881994338263;0.6589143460389798;200.00004768371582;320.0;2723;2729
1755694178.688;2729;Fixation;0.547560797797309;0.6700059019489052;167.00005531311035;321.0;2729;2735
1755694178.888;2735;Fixation;0.5645559861924913;0.6837314633969906;467.00000762939453;322.0;2735;2750
1755694179.388;2751;Fixation;0.5722297385886863;0.6707421322418339;266.9999599456787;323.0;2751;2759
1755694179.688;2760;Fixation;0.5428984894149604;0.6931720270812132;934.0000152587891;324.0;2760;2787
1755694180.655;2788;Fixation;0.5287644163767498;0.7163881768120659;299.9999523162842;325.0;2788;2797
1755694180.988;2799;Fixation;0.5223518053690592;0.745544202828113;367.0001029968262;326.0;2799;2810
1755694181.388;2810;Fixation;0.5074042364815685;0.7687223377009913;3533.9999198913574;327.0;2810;2913
1755694184.955;2914;Fixation;0.5040292886199145;0.7630322706972692;2067.000150680542;328.0;2914;2976
1755694187.088;2978;Fixation;0.48931625336408613;0.7460272197370176;2099.9999046325684;329.0;2978;3038
1755694189.222;3039;Fixation;0.4880452201479958;0.7655215502542164;1133.000135421753;330.0;3039;3072
1755694190.389;3072;Fixation;0.4685512651631861;0.7703210388518494;3565.999984741211;331.0;3072;3180
1755694193.989;3181;Fixation;0.46407722218831376;0.7560135475441263;799.9999523162842;332.0;3181;3205
1755694194.822;3206;Fixation;0.49003408260834513;0.7511557402434171;832.9999446868896;333.0;3206;3230
1755694195.689;3230;Fixation;0.49705671204460994;0.7131391737196181;166.0001277923584;334.0;3230;3236
1755694195.889;3238;Fixation;0.4873653544320001;0.676209494508343;366.0001754760742;335.0;3238;3248
1755694196.355;3251;Fixation;0.6509912490844727;0.5874827914767795;99.99990463256836;336.0;3251;3252
1755694196.489;3254;Fixation;0.6000261179606119;0.5978812775788485;165.9998893737793;337.0;3254;3259
1755694196.889;3267;Fixation;0.4980821468211986;0.7140412067680202;266.00003242492676;338.0;3267;3275
1755694197.189;3276;Fixation;0.5084664907210913;0.7188751481537125;400.00009536743164;339.0;3276;3285
1755694197.622;3286;Fixation;0.4996291160583496;0.7510467272414905;332.99994468688965;340.0;3286;3298
1755694197.989;3299;Fixation;0.5215665181477864;0.764582231309679;99.99990463256836;341.0;3299;3301
1755694198.255;3306;Fixation;0.32774156994289816;0.4753383024239246;66.99991226196289;342.0;3306;3308
1755694198.422;3312;Fixation;0.40937406222025546;0.5086296364113136;67.00015068054199;343.0;3312;3312
1755694198.555;3316;Fixation;0.588184102376302;0.7111253413447628;166.99981689453125;344.0;3316;3320
1755694198.755;3320;Fixation;0.527251026365492;0.7114680663057805;566.9999122619629;345.0;3320;3338
1755694199.355;3340;Fixation;0.5481933911641439;0.7015359360494731;766.9999599456787;346.0;3340;3363
1755694200.155;3364;Fixation;0.5341945057823545;0.7343325983279596;200.00004768371582;347.0;3364;3370
1755694200.455;3373;Fixation;0.6481978946261935;0.8355353461371527;100.00014305114746;348.0;3373;3376
1755694200.822;3384;Fixation;0.42945906321207683;0.5629105556158372;66.99991226196289;349.0;3384;3385
1755694200.989;3389;Fixation;0.4308546702067056;0.5848662764937789;165.9998893737793;350.0;3389;3394
1755694201.222;3395;Fixation;0.488126243244518;0.6500849662806449;333.00018310546875;351.0;3395;3406
1755694201.722;3411;Fixation;0.46966586112976066;0.6386301676432292;233.0000400543213;352.0;3411;3418
1755694201.989;3418;Fixation;0.48602773766768603;0.6879017552901894;632.9998970031738;353.0;3418;3435
1755694202.655;3436;Fixation;0.5008973201115926;0.676784063268591;100.00014305114746;354.0;3436;3439
1755694202.789;3439;Fixation;0.49385186831156414;0.7283976519549336;165.9998893737793;355.0;3439;3442
1755694202.989;3444;Fixation;0.47363793055216474;0.7499534041793259;99.99990463256836;356.0;3444;3449
1755694203.122;3449;Fixation;0.43871333440144855;0.7566132948133681;133.00013542175293;357.0;3449;3451
1755694203.289;3452;Fixation;0.41379687627156575;0.7644852362738715;132.99989700317383;358.0;3452;3461
1755694203.489;3461;Fixation;0.48787082831064854;0.6400677009865089;99.99990463256836;359.0;3461;3461
1755694203.622;3461;Fixation;0.5021381187438965;0.600374642831308;133.00013542175293;360.0;3461;3461
1755694203.789;3461;Fixation;0.45779851595560717;0.5951833710847078;299.9999523162842;361.0;3461;3461
1755694204.522;3465;Fixation;0.5616631084018283;0.5469683517644435;166.99981689453125;362.0;3465;3468
1755694204.722;3469;Fixation;0.5389636463589138;0.5812819304289641;67.00015068054199;363.0;3469;3470
1755694204.822;3471;Fixation;0.529010730319553;0.6245346446096162;167.00005531311035;364.0;3471;3473
1755694205.022;3474;Fixation;0.5426214389311962;0.6414340223002637;832.9999446868896;365.0;3474;3485
1755694205.889;3485;Fixation;0.49376285274823506;0.6121459077905727;500.0;366.0;3485;3486
1755694206.422;3486;Fixation;0.5100821733474732;0.5740186055501302;100.00014305114746;367.0;3486;3487
1755694206.689;3488;Fixation;0.45131800969441727;0.7811768237455392;166.0001277923584;368.0;3488;3489
1755694206.889;3490;Fixation;0.46853784985012475;0.7531566604174704;266.00003242492676;369.0;3490;3494
1755694207.355;3495;Fixation;0.5778802871704102;0.4181839483755606;134.00006294250488;370.0;3495;3498
1755694207.522;3499;Fixation;0.5770718468560113;0.469864786407094;66.99991226196289;371.0;3499;3499
1755694207.622;3500;Fixation;0.5578258641560871;0.561804436577691;167.00005531311035;372.0;3500;3502
1755694207.822;3502;Fixation;0.554281145731608;0.6082975147388598;132.99989700317383;373.0;3502;3503
1755694208.122;3506;Fixation;0.4548249153863816;0.7687361944289433;200.00004768371582;374.0;3506;3506
1755694208.489;3508;Fixation;0.6281742413838705;0.6148417790730795;232.9998016357422;375.0;3508;3512
1755694208.789;3513;Fixation;0.5045683309766982;0.6577872382269966;466.0000801086426;376.0;3513;3517
1755694209.289;3518;Fixation;0.5361021041870118;0.6629130704903309;165.9998893737793;377.0;3518;3520
1755694209.489;3521;Fixation;0.5248342712720235;0.7119282828436958;232.9998016357422;378.0;3521;3525
1755694209.755;3525;Fixation;0.5342399941550362;0.7523113297827451;366.99986457824707;379.0;3525;3531
1755694210.155;3531;Fixation;0.5385547489139205;0.7660717602692971;1533.9999198913574;380.0;3531;3566
1755694211.722;3567;Fixation;0.5302066375047734;0.768953224464699;833.0001831054688;381.0;3567;3587
1755694212.589;3587;Fixation;0.5555940204196507;0.7413814026632427;166.0001277923584;382.0;3587;3592
1755694212.789;3593;Fixation;0.5603733607700894;0.7120071411132812;200.00004768371582;383.0;3593;3596
1755694213.155;3599;Fixation;0.5699760013156467;0.41983112288110047;367.0001029968262;384.0;3599;3608
1755694213.555;3609;Fixation;0.5547471818469819;0.5178849154679233;200.00004768371582;385.0;3609;3613
1755694213.922;3617;Fixation;0.4920103470484415;0.7484815809461806;100.00014305114746;386.0;3617;3620
1755694214.055;3621;Fixation;0.4959176037046644;0.7720816011782047;366.99986457824707;387.0;3621;3627
1755694214.455;3627;Fixation;0.5253886058412749;0.7591192135865662;934.0000152587891;388.0;3627;3653
1755694215.422;3654;Fixation;0.5298259368309608;0.7896848021069823;400.00009536743164;389.0;3654;3666
1755694215.856;3667;Fixation;0.5267159172132903;0.7920234829771753;1100.0001430511475;390.0;3667;3701
1755694216.989;3701;Fixation;0.5326064586639404;0.803170639429337;832.9999446868896;391.0;3701;3725
1755694217.856;3727;Fixation;0.5243559500750374;0.7782287630899799;532.9999923706055;392.0;3727;3742
1755694218.422;3743;Fixation;0.5250734845797221;0.7555247554072628;1299.9999523162842;393.0;3743;3782
1755694219.756;3783;Fixation;0.5083302055580028;0.755951255351961;2266.0000324249268;394.0;3783;3851
1755694222.056;3852;Fixation;0.5149551820755005;0.7342061035721391;1299.9999523162842;395.0;3852;3889
1755694223.389;3891;Fixation;0.5028653166029188;0.7265412808641976;467.00000762939453;396.0;3891;3904
1755694223.889;3905;Fixation;0.5035775358026677;0.7000394108319522;332.99994468688965;397.0;3905;3916
1755694224.256;3916;Fixation;0.49638404051462803;0.6949078199598524;632.9998970031738;398.0;3916;3935
1755694224.922;3935;Fixation;0.5013017245701381;0.7394907149057541;1134.0000629425049;399.0;3935;3970
1755694226.089;3972;Fixation;0.4918761432170868;0.7574449115329319;2667.0000553131104;400.0;3972;4052
1755694228.789;4052;Fixation;0.4887375787756908;0.771896684824431;1899.9998569488525;401.0;4052;4108
1755694230.889;4115;Fixation;0.4803048470441033;0.7419290812706375;532.9999923706055;402.0;4115;4131
1755694231.456;4132;Fixation;0.4668658680386014;0.7378907945421006;99.99990463256836;403.0;4132;4135
1755694231.589;4135;Fixation;0.48702958424886067;0.7214426817717375;99.99990463256836;404.0;4135;4139
1755694231.922;4145;Fixation;0.5741137822469076;0.44136675610954373;100.00014305114746;405.0;4145;4148
1755694232.089;4151;Fixation;0.5484991073608397;0.7605082194010417;99.99990463256836;406.0;4151;4153
1755694232.222;4154;Fixation;0.5452047030131022;0.7021494264955874;100.00014305114746;407.0;4154;4157
1755694232.356;4158;Fixation;0.5416374842325846;0.666084873529128;65.99998474121094;408.0;4158;4160
1755694232.756;4171;Fixation;0.41078194209507524;0.7365756645404473;200.00004768371582;409.0;4171;4177
1755694232.989;4177;Fixation;0.5629542244805229;0.7984712106210216;166.99981689453125;410.0;4177;4183
1755694233.256;4185;Fixation;0.5626561323801677;0.5145498628969546;99.99990463256836;411.0;4185;4188
1755694233.389;4188;Fixation;0.5474330902099609;0.5620402696397571;133.00013542175293;412.0;4188;4192
1755694233.822;4203;Fixation;0.43991408348083494;0.6472009729456019;66.99991226196289;413.0;4203;4204
1755694233.922;4205;Fixation;0.48532683407818816;0.644980021661201;266.9999599456787;414.0;4205;4213
1755694234.222;4213;Fixation;0.4786158323287964;0.6858437856038412;100.00014305114746;415.0;4213;4217
1755694234.356;4218;Fixation;0.4525565067927043;0.7087998708089193;100.00014305114746;416.0;4218;4221
1755694234.489;4223;Fixation;0.4249098096575056;0.7388233649036873;199.99980926513672;417.0;4223;4228
1755694234.722;4228;Fixation;0.4013609144422743;0.7512713396990739;67.00015068054199;418.0;4228;4231
1755694234.822;4232;Fixation;0.34903009909170646;0.6799469182520738;266.9999599456787;419.0;4232;4239
1755694235.322;4247;Fixation;0.5758168856302898;0.7580249927662038;66.99991226196289;420.0;4247;4250
1755694235.422;4251;Fixation;0.5245192633734809;0.7696644724151235;67.00015068054199;421.0;4251;4252
1755694236.789;4291;Fixation;0.450834035873413;0.7720375626175494;99.99990463256836;422.0;4291;4293
1755694236.922;4294;Fixation;0.47418172200520836;0.7473080105251736;134.00006294250488;423.0;4294;4299
1755694237.089;4299;Fixation;0.48154333255909104;0.7071998941554944;266.9999599456787;424.0;4299;4307
1755694237.389;4309;Fixation;0.4660584807395935;0.6776032200566046;233.99996757507324;425.0;4309;4316
1755694237.656;4317;Fixation;0.5393550385369197;0.6759301381052277;467.00000762939453;426.0;4317;4331
1755694238.156;4332;Fixation;0.538138435000465;0.7192573426261781;633.0001354217529;427.0;4332;4350
1755694238.823;4352;Fixation;0.5440874947441948;0.7043000523445538;266.00003242492676;428.0;4352;4360
1755694239.123;4361;Fixation;0.5278324868943957;0.7051087116508328;266.00003242492676;429.0;4361;4370
1755694239.423;4370;Fixation;0.5114905819748387;0.7266992639612269;332.99994468688965;430.0;4370;4380
1755694239.789;4382;Fixation;0.4942598597208659;0.7881385972764757;299.9999523162842;431.0;4382;4390
1755694240.123;4391;Fixation;0.49764533572726777;0.7497736047815394;65.99998474121094;432.0;4391;4394
1755694240.223;4395;Fixation;0.5317418813705445;0.7196844312879774;99.99990463256836;433.0;4395;4397
1755694240.356;4399;Fixation;0.5080294036865234;0.6817756483289931;299.9999523162842;434.0;4399;4407
1755694240.689;4408;Fixation;0.519894790649414;0.6870436491789641;167.00005531311035;435.0;4408;4412
1755694240.889;4415;Fixation;0.524196099012326;0.6525103012041489;400.00009536743164;436.0;4415;4425
1755694241.323;4427;Fixation;0.5500478895086991;0.6778735824495729;1233.0000400543213;437.0;4427;4464
1755694242.589;4465;Fixation;0.560451332728068;0.7247663144712094;99.99990463256836;438.0;4465;4468
1755694242.723;4468;Fixation;0.5402929242451985;0.7584182174117478;299.9999523162842;439.0;4468;4478
1755694243.056;4478;Fixation;0.5104584445124087;0.7608414433428632;733.0000400543213;440.0;4478;4500
1755694243.823;4502;Fixation;0.5006193978445871;0.7791613099436281;433.0000877380371;441.0;4502;4514
1755694244.289;4516;Fixation;0.5246675882584009;0.7707670119413285;399.99985694885254;442.0;4516;4527
1755694244.923;4535;Fixation;0.5346181147026294;0.685559354326139;332.99994468688965;443.0;4535;4544
1755694245.356;4547;Fixation;0.4111872673034668;0.5935709635416667;67.00015068054199;444.0;4547;4549
1755694245.456;4550;Fixation;0.3972687085469564;0.5706555684407552;66.99991226196289;445.0;4550;4552
1755694245.556;4552;Fixation;0.4647782219780816;0.574573055314429;66.99991226196289;446.0;4552;4553
1755694245.656;4554;Fixation;0.5102642659787778;0.6250447716732574;267.0001983642578;447.0;4554;4563
1755694245.956;4565;Fixation;0.4915297508239746;0.5883312649197049;232.9998016357422;448.0;4565;4572
1755694246.223;4573;Fixation;0.47548774719238285;0.5490329940230758;299.9999523162842;449.0;4573;4581
1755694246.556;4582;Fixation;0.44248992374965124;0.5652604037491733;200.00004768371582;450.0;4582;4587
1755694246.789;4589;Fixation;0.43345518818608025;0.5778969595952289;266.9999599456787;451.0;4589;4597
1755694247.089;4598;Fixation;0.4456076092190212;0.5338680879569349;99.99990463256836;452.0;4598;4601
1755694247.223;4601;Fixation;0.4680563259124755;0.5042096003779659;299.9999523162842;453.0;4601;4612
1755694247.556;4613;Fixation;0.48766304651896153;0.537225341796875;66.99991226196289;454.0;4613;4614
1755694247.656;4616;Fixation;0.5035973230997721;0.5818227979871963;100.00014305114746;455.0;4616;4619
1755694247.823;4620;Fixation;0.5206766764322917;0.616290791829427;65.99998474121094;456.0;4620;4622
1755694247.923;4623;Fixation;0.5280285040537517;0.6509619960078488;99.99990463256836;457.0;4623;4627
1755694248.056;4627;Fixation;0.510653805732727;0.6926403752079717;99.99990463256836;458.0;4627;4630
1755694248.189;4631;Fixation;0.5054467292059036;0.7179197846266328;200.00004768371582;459.0;4631;4638
1755694248.423;4638;Fixation;0.4894072405497232;0.759291720920139;132.99989700317383;460.0;4638;4642
1755694248.589;4643;Fixation;0.4608268102010091;0.752531169373312;66.99991226196289;461.0;4643;4645
1755694248.756;4648;Fixation;0.4196518103281656;0.7397616492377388;233.0000400543213;462.0;4648;4656
1755694249.023;4656;Fixation;0.40588341818915474;0.7491174862708575;165.9998893737793;463.0;4656;4662
1755694249.223;4662;Fixation;0.46490645181565055;0.7818378186099744;200.00004768371582;464.0;4662;4668
1755694249.456;4669;Fixation;0.47007916238572867;0.792380111600146;766.9999599456787;465.0;4669;4693
1755694250.423;4698;Fixation;0.4139252090454102;0.7104198088469328;132.99989700317383;466.0;4698;4702
1755694252.389;4757;Fixation;0.4567856391270955;0.7243456063447176;500.0;467.0;4757;4772
1755694253.623;4794;Fixation;0.552343241373698;0.7101687358338157;466.0000801086426;468.0;4794;4808
1755694254.123;4810;Fixation;0.5290396231192129;0.7390753224062823;266.00003242492676;469.0;4810;4817
1755694254.423;4819;Fixation;0.5082093267729788;0.7488054371843436;332.99994468688965;470.0;4819;4828
1755694254.789;4828;Fixation;0.5107109745343527;0.7468935719242803;599.9999046325684;471.0;4828;4848
1755694255.423;4850;Fixation;0.5164445806432654;0.7534955311213991;565.9999847412109;472.0;4850;4865
1755694257.456;4907;Fixation;0.5673126856486003;0.7692620736581309;66.99991226196289;473.0;4907;4911
1755694257.556;4911;Fixation;0.5085631926854451;0.7559684141182605;367.0001029968262;474.0;4911;4922
1755694257.956;4923;Fixation;0.47464132886944393;0.8371728659478904;332.99994468688965;475.0;4923;4934
1755694258.356;4936;Fixation;0.5203306410047743;0.7612039071542246;67.00015068054199;476.0;4936;4937
1755694258.456;4939;Fixation;0.5356027921040852;0.714033684122219;266.9999599456787;477.0;4939;4944
1755694258.756;4946;Fixation;0.5557962338129679;0.7107016210202818;500.0;478.0;4946;4960
1755694259.456;4967;Fixation;0.518157909030006;0.898107998964017;199.99980926513672;479.0;4967;4972
1755694260.089;4985;Fixation;0.41811552842458094;0.6493471357557508;99.99990463256836;480.0;4985;4989
1755694260.289;4992;Fixation;0.42155888875325526;0.7094626532660591;99.99990463256836;481.0;4992;4994
1755694260.423;4995;Fixation;0.4377243164258126;0.7416703835511819;432.999849319458;482.0;4995;5009
1755694260.89;5010;Fixation;0.4422985939752488;0.7207383009491775;199.99980926513672;483.0;5010;5014
1755694261.123;5014;Fixation;0.48032093683878585;0.7123645245587384;133.00013542175293;484.0;5014;5020
1755694261.29;5021;Fixation;0.5073666212293838;0.6961324658805942;466.0000801086426;485.0;5021;5035
1755694261.79;5038;Fixation;0.5161629698011609;0.6757119600272473;466.0000801086426;486.0;5038;5049
1755694262.29;5051;Fixation;0.4799411364964077;0.6657200000904225;200.00004768371582;487.0;5051;5057
1755694262.523;5058;Fixation;0.4676528839837936;0.6463241092742436;200.00004768371582;488.0;5058;5060
1755694262.756;5061;Fixation;0.4965818881988525;0.8084151656539351;167.00005531311035;489.0;5061;5067
1755694262.956;5067;Fixation;0.48555799060397675;0.7770117677288292;66.99991226196289;490.0;5067;5070
1755694263.123;5073;Fixation;0.517047627766927;0.5326253066828222;100.00014305114746;491.0;5073;5076
1755694263.256;5076;Fixation;0.5157050323486329;0.5820814457646123;134.00006294250488;492.0;5076;5080
1755694263.423;5080;Fixation;0.5292595799763997;0.6212872314453125;299.9999523162842;493.0;5080;5086
1755694263.756;5087;Fixation;0.5465975352696011;0.6522967626178076;200.00004768371582;494.0;5087;5092
1755694263.99;5094;Fixation;0.5210022226969401;0.6726422119140625;132.99989700317383;495.0;5094;5098
1755694264.156;5099;Fixation;0.5126511937096006;0.7035667136863426;200.00004768371582;496.0;5099;5105
1755694264.39;5105;Fixation;0.5239910390641953;0.7201482749279634;365.9999370574951;497.0;5105;5115
1755694264.79;5117;Fixation;0.5235688154248224;0.6767365730519072;733.0000400543213;498.0;5117;5138
1755694265.556;5140;Fixation;0.5491676522779835;0.6564230328279769;1400.0000953674316;499.0;5140;5181
1755694266.99;5181;Fixation;0.5579079507411212;0.6320476410184936;933.0000877380371;500.0;5181;5209
1755694268.09;5213;Fixation;0.4420774141947428;0.7882179966679327;233.0000400543213;501.0;5213;5220
1755694268.356;5221;Fixation;0.4578332159254286;0.7450299109941647;134.00006294250488;502.0;5221;5225
1755694268.69;5228;Fixation;0.5200696754455566;0.8860692681206598;299.9999523162842;503.0;5228;5238
1755694269.09;5241;Fixation;0.5381629625956217;0.7874357011583117;100.00014305114746;504.0;5241;5245
1755694269.223;5246;Fixation;0.5289664321475559;0.7646222338264371;167.00005531311035;505.0;5246;5249
1755694269.423;5250;Fixation;0.5104804674784342;0.8064979647412713;99.99990463256836;506.0;5250;5253
1755694269.723;5258;Fixation;0.5334676265716553;0.6603987093325014;132.99989700317383;507.0;5258;5264
1755694269.89;5265;Fixation;0.5215715514289008;0.710327054247444;265.99979400634766;508.0;5265;5271
1755694270.19;5274;Fixation;0.5322188042757804;0.72806608560722;599.9999046325684;509.0;5274;5290
1755694270.823;5290;Fixation;0.5288099352518717;0.6980916680230035;799.9999523162842;510.0;5290;5312
1755694271.656;5313;Fixation;0.5196722666422526;0.6556717997849588;334.0001106262207;511.0;5313;5324
1755694272.023;5324;Fixation;0.5188625426519484;0.638669937375992;200.00004768371582;512.0;5324;5331
1755694272.256;5332;Fixation;0.5278029855092367;0.5804263136121963;299.9999523162842;513.0;5332;5341
1755694272.59;5342;Fixation;0.5129273811976115;0.5911373279712818;100.00014305114746;514.0;5342;5347
1755694272.756;5347;Fixation;0.4261190005711146;0.8204155815972222;200.00004768371582;515.0;5347;5352
1755694272.99;5353;Fixation;0.445264712969462;0.7920010884602866;99.99990463256836;516.0;5353;5356
1755694273.123;5357;Fixation;0.4737739499409993;0.7697390634042246;133.00013542175293;517.0;5357;5361
1755694273.29;5361;Fixation;0.49074980417887365;0.7470242293423445;200.00004768371582;518.0;5361;5367
1755694273.523;5368;Fixation;0.5066943724950155;0.7458869934082031;233.0000400543213;519.0;5368;5376
1755694273.79;5376;Fixation;0.5198954900105794;0.7231813195310992;766.0000324249268;520.0;5376;5399
1755694274.59;5401;Fixation;0.6065436628129747;0.6583801457911362;366.0001754760742;521.0;5401;5410
1755694275.023;5413;Fixation;0.5347304471333822;0.7421192084418403;132.99989700317383;522.0;5413;5416
1755694275.19;5418;Fixation;0.5712359975179038;0.6875371726707176;799.9999523162842;523.0;5418;5442
1755694276.056;5443;Fixation;0.40200061798095693;0.8012970616577795;200.00004768371582;524.0;5443;5449
1755694276.323;5452;Fixation;0.5434034983317058;0.5785715456362124;167.00005531311035;525.0;5452;5455
1755694276.523;5457;Fixation;0.5133171200752258;0.5746031867133248;233.0000400543213;526.0;5457;5464
1755694276.79;5465;Fixation;0.5105914151227033;0.5955954280900365;266.00003242492676;527.0;5465;5472
1755694277.09;5474;Fixation;0.5307681361834208;0.6278080763640228;233.0000400543213;528.0;5474;5480
1755694277.456;5484;Fixation;0.4096992015838623;0.7521890805091388;166.99981689453125;529.0;5484;5489
1755694277.656;5490;Fixation;0.4316308418909708;0.7322043948703343;100.00014305114746;530.0;5490;5494
1755694277.79;5495;Fixation;0.45046007368299695;0.6941713780532649;166.0001277923584;531.0;5495;5500
1755694277.99;5501;Fixation;0.46535886835168905;0.6805317631474248;266.00003242492676;532.0;5501;5508
1755694278.323;5512;Fixation;0.523813541730245;0.5885291205512152;100.00014305114746;533.0;5512;5514
1755694278.456;5515;Fixation;0.5032014528910319;0.6310772648564092;99.99990463256836;534.0;5515;5518
1755694278.59;5519;Fixation;0.48613594373067215;0.6909181806776259;233.0000400543213;535.0;5519;5526
1755694278.856;5528;Fixation;0.48991855691980424;0.7153956063980919;567.000150680542;536.0;5528;5544
1755694279.456;5545;Fixation;0.4902978261311849;0.7662429325164309;199.99980926513672;537.0;5545;5551
1755694279.69;5552;Fixation;0.4936605918975103;0.8147672421087034;899.9998569488525;538.0;5552;5578
1755694280.623;5580;Fixation;0.5066652488708495;0.7792272949218749;133.00013542175293;539.0;5580;5584
1755694280.79;5585;Fixation;0.5097217178344726;0.7442051753291378;133.00013542175293;540.0;5585;5589
1755694280.956;5590;Fixation;0.4940319061279297;0.6995271301269532;299.9999523162842;541.0;5590;5599
1755694281.29;5599;Fixation;0.5152899787539527;0.6738407599232185;200.00004768371582;542.0;5599;5605
1755694281.523;5606;Fixation;0.5438869794209799;0.6606820628476241;266.9999599456787;543.0;5606;5615
1755694281.823;5616;Fixation;0.5456072126116072;0.680986006802352;200.00004768371582;544.0;5616;5622
1755694282.056;5622;Fixation;0.4439984821137927;0.9319156303607598;233.99996757507324;545.0;5622;5630
1755694282.323;5631;Fixation;0.4213715235392252;0.9049813842773438;133.00013542175293;546.0;5631;5634
1755694282.49;5636;Fixation;0.42203840255737307;0.8570203201859086;299.9999523162842;547.0;5636;5644
1755694282.823;5644;Fixation;0.4344978968302408;0.8341900090175848;332.99994468688965;548.0;5644;5655
1755694283.19;5656;Fixation;0.4530884424845377;0.8066827053493922;299.9999523162842;549.0;5656;5665
1755694283.523;5666;Fixation;0.4349796794709705;0.7755928160652282;200.00004768371582;550.0;5666;5672
1755694283.757;5673;Fixation;0.3934852108810887;0.7651157520435474;332.99994468688965;551.0;5673;5682
1755694284.123;5684;Fixation;0.3678303082784017;0.7745742797851564;434.00001525878906;552.0;5684;5697
1755694284.59;5698;Fixation;0.3589595726112914;0.7745029679397439;1667.0000553131104;553.0;5698;5748
1755694286.29;5749;Fixation;0.37006946846290867;0.762142310122894;567.000150680542;554.0;5749;5766
1755694286.89;5767;Fixation;0.37136928558349613;0.7529216775776428;467.00000762939453;555.0;5767;5781
1755694287.39;5782;Fixation;0.3950377868883537;0.7659489024769176;332.99994468688965;556.0;5782;5793
1755694287.757;5793;Fixation;0.3837627834743923;0.8261764055416909;365.9999370574951;557.0;5793;5804
1755694288.157;5806;Fixation;0.39644158819447395;0.8238035217383443;733.0000400543213;558.0;5806;5826
1755694288.923;5829;Fixation;0.3791370261283148;0.8136013081464818;1833.9998722076416;559.0;5829;5883
1755694290.79;5884;Fixation;0.3878784956755461;0.826457427852929;266.9999599456787;560.0;5884;5892
1755694291.123;5894;Fixation;0.4531009478446764;0.6851682048917156;400.00009536743164;561.0;5894;5905
1755694291.557;5908;Fixation;0.4680434163411459;0.7223882378472223;300.0001907348633;562.0;5908;5915
1755694291.89;5917;Fixation;0.4793633998968663;0.7742124725950411;399.99985694885254;563.0;5917;5928
1755694292.323;5929;Fixation;0.44429629643758134;0.7873067596812309;167.00005531311035;564.0;5929;5933
1755694292.523;5935;Fixation;0.4161063226064046;0.7987661799678096;634.0000629425049;565.0;5935;5954
1755694293.19;5954;Fixation;0.39991794313703266;0.7677864962784702;432.999849319458;566.0;5954;5969
1755694293.657;5969;Fixation;0.38357387724376857;0.7569448682996961;899.9998569488525;567.0;5969;5997
1755694294.59;5997;Fixation;0.40251568158467615;0.7462657989017547;433.0000877380371;568.0;5997;6010
1755694295.057;6011;Fixation;0.4162210055759975;0.7296621736395298;666.0001277923584;569.0;6011;6031
1755694295.757;6032;Fixation;0.4357037576039632;0.7513396086516203;299.9999523162842;570.0;6032;6041
1755694296.09;6043;Fixation;0.4401919325192769;0.7524640189276801;233.0000400543213;571.0;6043;6048
1755694296.357;6050;Fixation;0.41950105561150436;0.7871172775456935;165.9998893737793;572.0;6050;6056
1755694296.557;6056;Fixation;0.41607459266230745;0.7875847625199273;1733.0000400543213;573.0;6056;6109
1755694298.323;6109;Fixation;0.40040921529134116;0.7651543435932677;467.00000762939453;574.0;6109;6124
1755694298.823;6124;Fixation;0.43165055659779333;0.7338510494715521;600.0001430511475;575.0;6124;6142
1755694299.457;6144;Fixation;0.44604347229003893;0.7537809131763601;132.99989700317383;576.0;6144;6147
1755694299.623;6148;Fixation;0.45734444618225095;0.7964166768391927;300.0001907348633;577.0;6148;6157
1755694299.957;6158;Fixation;0.4826612649140534;0.8237848101329412;266.00003242492676;578.0;6158;6165
1755694300.257;6167;Fixation;0.5063974607558479;0.854728924786603;433.0000877380371;579.0;6167;6179
1755694300.723;6180;Fixation;0.4877716064453125;0.8543035624939719;66.99991226196289;580.0;6180;6183
1755694300.823;6185;Fixation;0.4248924754914783;0.8630023774646578;434.00001525878906;581.0;6185;6198
1755694301.29;6199;Fixation;0.45708908504909934;0.8568004236626856;867.0001029968262;582.0;6199;6223
1755694302.19;6224;Fixation;0.48254314064979553;0.8689826364870424;532.9999923706055;583.0;6224;6241
1755694302.923;6245;Fixation;0.38628208902147076;0.645527611249759;166.99981689453125;584.0;6245;6250
1755694303.123;6252;Fixation;0.41289568236379914;0.7538035691386522;334.0001106262207;585.0;6252;6262
1755694303.49;6263;Fixation;0.4279178301493326;0.7913436889648438;66.99991226196289;586.0;6263;6266
1755694303.59;6266;Fixation;0.46708641846974697;0.8833219457555701;100.00014305114746;587.0;6266;6268
1755694303.89;6274;Fixation;0.3011836083730062;0.685012110957393;299.9999523162842;588.0;6274;6284
1755694304.223;6285;Fixation;0.30024720033009844;0.7460520850287544;99.99990463256836;589.0;6285;6288
1755694304.69;6300;Fixation;0.5684994980140968;0.9265460512765642;566.9999122619629;590.0;6300;6316
1755694305.29;6317;Fixation;0.5612577438354492;0.9575956895616321;133.00013542175293;591.0;6317;6321
1755694305.457;6322;Fixation;0.5347024281819661;0.9725939715350115;65.99998474121094;592.0;6322;6324
1755694305.59;6327;Fixation;0.5162442334493001;0.8125148292824076;133.00013542175293;593.0;6327;6330
1755694305.757;6331;Fixation;0.5100178480148315;0.8540995986373336;133.00013542175293;594.0;6331;6335
1755694305.923;6336;Fixation;0.4851898687857169;0.8320053602932904;266.9999599456787;595.0;6336;6344
1755694306.223;6346;Fixation;0.437277090549469;0.8575533902203596;233.99996757507324;596.0;6346;6352
1755694306.49;6353;Fixation;0.4348646835044578;0.7534542947149081;266.9999599456787;597.0;6353;6361
1755694306.957;6367;Fixation;0.43230840365091955;0.9720256593492297;266.00003242492676;598.0;6367;6375
1755694307.257;6377;Fixation;0.43132951373145695;0.9307461854642032;200.00004768371582;599.0;6377;6382
1755694307.523;6384;Fixation;0.4723641713460286;0.7288187804045501;167.00005531311035;600.0;6384;6388
1755694307.724;6389;Fixation;0.48372585296630854;0.7058279305917246;133.00013542175293;601.0;6389;6394
1755694307.89;6396;Fixation;0.5091294209162394;0.6190152768735532;99.99990463256836;602.0;6396;6399
1755694308.024;6400;Fixation;0.5249188502629598;0.6515469162552445;100.00014305114746;603.0;6400;6401
1755694308.357;6407;Fixation;0.33739868799845374;0.5410354991018036;66.99991226196289;604.0;6407;6410
1755694308.59;6414;Fixation;0.37014582951863606;0.6430689423172563;267.0001983642578;605.0;6414;6422
1755694308.89;6423;Fixation;0.35686332208138927;0.6524200313866383;433.99977684020996;606.0;6423;6436
1755694309.357;6437;Fixation;0.3797888846624465;0.6875080330661996;199.99980926513672;607.0;6437;6443
1755694309.59;6444;Fixation;0.4048484044197277;0.7132643609984309;400.00009536743164;608.0;6444;6456
1755694310.057;6457;Fixation;0.4386431921096075;0.7204864663421794;200.00004768371582;609.0;6457;6464
1755694310.357;6467;Fixation;0.7033496220906575;0.8600823484821084;66.99991226196289;610.0;6467;6469
1755694310.457;6471;Fixation;0.6682448546091715;0.8448319611725984;99.99990463256836;611.0;6471;6474
1755694310.59;6475;Fixation;0.6265652720133463;0.8450394354926215;134.00006294250488;612.0;6475;6477
1755694310.824;6482;Fixation;0.5179147243499755;0.6358585555465133;300.0001907348633;613.0;6482;6489
1755694311.157;6490;Fixation;0.5100940465927124;0.6037994667335794;99.99990463256836;614.0;6490;6494
1755694311.29;6494;Fixation;0.5374931123521592;0.7374042275511188;67.00015068054199;615.0;6494;6498
1755694311.39;6499;Fixation;0.5428459326426187;0.7878715373851634;99.99990463256836;616.0;6499;6501
1755694311.59;6503;Fixation;0.4936892085605197;0.5834630707163869;67.00015068054199;617.0;6503;6506
1755694311.79;6510;Fixation;0.43529955546061194;0.45804524174442995;134.00006294250488;618.0;6510;6512
1755694311.957;6515;Fixation;0.42427011330922443;0.5018819031892;99.99990463256836;619.0;6515;6518
1755694312.357;6528;Fixation;0.5513002395629882;0.6340888129340277;132.99989700317383;620.0;6528;6531
1755694312.524;6533;Fixation;0.5423403845893012;0.603148415647907;65.99998474121094;621.0;6533;6535
1755694313.124;6551;Fixation;0.5550845040215386;0.6835741773063754;65.99998474121094;622.0;6551;6553
1755694313.224;6553;Fixation;0.5913399537404379;0.6949517850522642;99.99990463256836;623.0;6553;6555
1755694314.457;6590;Fixation;0.3622859160105388;0.8247925369827837;66.99991226196289;624.0;6590;6592
1755694314.557;6593;Fixation;0.42078791459401443;0.7789827700014468;100.00014305114746;625.0;6593;6596
1755694314.957;6606;Fixation;0.3818405787150065;0.7227787724247686;66.99991226196289;626.0;6606;6607
1755694315.324;6618;Fixation;0.3708075126012166;0.770014798199689;133.00013542175293;627.0;6618;6621
1755694317.157;6672;Fixation;0.2944074524773491;0.8156809112172069;66.99991226196289;628.0;6672;6674
1755694317.257;6674;Fixation;0.33961445490519204;0.789700072488667;66.99991226196289;629.0;6674;6677
1755694317.424;6679;Fixation;0.19767083591885032;0.8801172138732157;65.99998474121094;630.0;6679;6682
1755694317.524;6682;Fixation;0.22769491672515865;0.8527198367648656;100.00014305114746;631.0;6682;6685
1755694317.69;6688;Fixation;0.29567386706670123;0.8279087773075811;233.99996757507324;632.0;6688;6694
1755694317.957;6695;Fixation;0.32189561208089196;0.7889618372034143;132.99989700317383;633.0;6695;6700
1755694319.89;6751;Fixation;0.45967152118682864;0.7709631884539568;99.99990463256836;634.0;6751;6754
1755694320.024;6754;Fixation;0.48832668463389073;0.9081719857675059;100.00014305114746;635.0;6754;6756
1755694320.157;6757;Fixation;0.4983769628736708;0.9506600839120372;66.99991226196289;636.0;6757;6759
1755694320.357;6764;Fixation;0.518394586775038;0.8349351294246721;99.99990463256836;637.0;6764;6766
1755694320.49;6766;Fixation;0.49995974222819006;0.764790434660735;134.00006294250488;638.0;6766;6768
1755694320.657;6770;Fixation;0.4787351409594217;0.735920559918439;233.0000400543213;639.0;6770;6777
1755694321.024;6781;Fixation;0.3492395957310994;0.7486286163330078;100.00014305114746;640.0;6781;6784
1755694321.29;6789;Fixation;0.3567426136561802;0.8740420548373429;200.00004768371582;641.0;6789;6794
1755694321.557;6797;Fixation;0.4952975908915202;0.6384035086926119;67.00015068054199;642.0;6797;6798
1755694321.757;6804;Fixation;0.4101757226166901;0.7236136668012957;266.9999599456787;643.0;6804;6809
1755694322.057;6809;Fixation;0.43856528600056965;0.7347193561533772;200.00004768371582;644.0;6809;6815
1755694322.29;6817;Fixation;0.4710261980692545;0.7165661093629437;67.00015068054199;645.0;6817;6818
1755694322.424;6821;Fixation;0.36059095700581867;0.8959780714246963;299.9999523162842;646.0;6821;6830
1755694322.824;6833;Fixation;0.4510927772521972;0.7158336385091145;133.00013542175293;647.0;6833;6836
1755694322.99;6838;Fixation;0.45377706078922053;0.7595800196163535;533.9999198913574;648.0;6838;6854
1755694323.557;6855;Fixation;0.46547124260350276;0.7607435765554567;600.0001430511475;649.0;6855;6872
1755694324.39;6879;Fixation;0.6538115395439996;0.7835128407419465;66.99991226196289;650.0;6879;6881
1755694324.49;6881;Fixation;0.6170100529988607;0.7527788515444154;99.99990463256836;651.0;6881;6884
1755694324.79;6889;Fixation;0.4880040041605632;0.7514394350405093;134.00006294250488;652.0;6889;6893
1755694324.957;6895;Fixation;0.45254238446553546;0.7643157252558956;99.99990463256836;653.0;6895;6897
1755694325.09;6899;Fixation;0.4261673291524251;0.7657927713276428;67.00015068054199;654.0;6899;6901
1755694325.224;6903;Fixation;0.37900797172828954;0.7519949767815233;266.00003242492676;655.0;6903;6911
1755694325.524;6912;Fixation;0.38536845842997225;0.7440817750530478;166.0001277923584;656.0;6912;6917
1755694325.724;6918;Fixation;0.28940706959477175;0.7334994406366545;266.00003242492676;657.0;6918;6925
1755694326.024;6925;Fixation;0.3161603155590239;0.7426224885163484;200.00004768371582;658.0;6925;6933
1755694326.557;6943;Fixation;0.3469675991270277;0.7602075411949628;367.0001029968262;659.0;6943;6954
1755694326.957;6955;Fixation;0.32463154111589704;0.7483116028800844;200.00004768371582;660.0;6955;6961
1755694327.224;6963;Fixation;0.4721755490158544;0.7297357989481401;332.99994468688965;661.0;6963;6973
1755694327.657;6975;Fixation;0.30765563524686373;0.7534344056393005;399.99985694885254;662.0;6975;6987
1755694328.09;6988;Fixation;0.3022400697072347;0.7737858713409048;167.00005531311035;663.0;6988;6994
1755694328.324;6996;Fixation;0.5191415468851726;0.7656211476267121;166.0001277923584;664.0;6996;7001
1755694328.524;7001;Fixation;0.4924584325154622;0.7450033399793836;299.9999523162842;665.0;7001;7010
1755694328.857;7012;Fixation;0.4729675292968749;0.7369649533872252;99.99990463256836;666.0;7012;7015
1755694329.024;7017;Fixation;0.28845573531256774;0.7424769083658854;200.00004768371582;667.0;7017;7023
1755694329.257;7023;Fixation;0.31446627435230073;0.7373208949174831;433.0000877380371;668.0;7023;7037
1755694329.757;7038;Fixation;0.47825147708257026;0.7302143450136538;233.0000400543213;669.0;7038;7046
1755694330.057;7047;Fixation;0.7315285092308408;0.702611884868965;200.00004768371582;670.0;7047;7054
1755694330.29;7055;Fixation;0.7142328050401475;0.694662720480083;67.00015068054199;671.0;7055;7057
1755694330.457;7059;Fixation;0.2953171630700429;0.7223319972002947;500.0;672.0;7059;7075
1755694331.024;7077;Fixation;0.4659268234715318;0.7099363898588752;333.00018310546875;673.0;7077;7087
1755694331.457;7089;Fixation;0.7165169715881349;0.689825095659421;366.99986457824707;674.0;7089;7101
1755694331.924;7104;Fixation;0.30512597163518274;0.7360018129701967;233.0000400543213;675.0;7104;7111
1755694332.724;7128;Fixation;0.19655398792690698;0.6989330527223188;66.99991226196289;676.0;7128;7129
1755694332.824;7130;Fixation;0.23915312555101176;0.7000557793511285;67.00015068054199;677.0;7130;7131
1755694332.924;7132;Fixation;0.300809907913208;0.7084359204327619;99.99990463256836;678.0;7132;7136
1755694333.091;7139;Fixation;0.33613991964431034;0.6965900078021661;199.99980926513672;679.0;7139;7144
1755694333.324;7145;Fixation;0.3601541519165039;0.6816942003038194;67.00015068054199;680.0;7145;7148
1755694333.524;7151;Fixation;0.23226131200790406;0.9165628927725333;100.00014305114746;681.0;7151;7155
1755694333.757;7159;Fixation;0.31145548820495605;0.8865756494027597;233.99996757507324;682.0;7159;7166
1755694334.091;7169;Fixation;0.4704893611726305;0.6709640583664023;432.999849319458;683.0;7169;7182
1755694334.557;7182;Fixation;0.46218540775883293;0.6884518612851133;1200.0000476837158;684.0;7182;7218
1755694335.791;7219;Fixation;0.4471290694342719;0.6919396859628183;66.00022315979004;685.0;7219;7222
1755694335.991;7225;Fixation;0.2605007727940877;0.9689617368910048;233.0000400543213;686.0;7225;7233
1755694336.257;7233;Fixation;0.27503599325815836;0.9283109170419199;100.00014305114746;687.0;7233;7237
1755694336.391;7238;Fixation;0.2977104081047905;0.9038022265022184;65.99998474121094;688.0;7238;7240
1755694336.491;7240;Fixation;0.32199178801642525;0.8714116791148244;166.0001277923584;689.0;7240;7245
1755694336.691;7246;Fixation;0.3379370625813801;0.8454911747685185;132.99989700317383;690.0;7246;7251
