timestamp;video_frame_count;event_type;norm_pos_x;norm_pos_y;duration;id;start_time;end_time
1755694067.087;0;Fixation;0.5540111830740264;0.592709653706663;0.40000009536743164;1.0;1755694067.087;1755694067.487
1755694067.52;2;Fixation;0.5875106952808521;0.6563737406161587;1.2000000476837158;2.0;1755694067.52;1755694068.72
1755694068.753;4;Fixation;0.540714118594215;0.6827563856013867;0.43400001525878906;3.0;1755694068.753;1755694069.187
1755694069.32;7;Fixation;0.43728669099133427;0.5699632312847441;1.067000150680542;4.0;1755694069.32;1755694070.387
1755694070.487;17;Fixation;0.39181947219066127;0.7803170011254118;0.9000000953674316;5.0;1755694070.487;1755694071.387
1755694071.453;20;Fixation;0.49785810258653435;0.6223962892132042;0.46700000762939453;6.0;1755694071.453;1755694071.92
1755694071.953;22;Saccade;;;;0.0;1755694071.953;1755694332.457
1755694072.087;22;Fixation;0.3361191405190362;0.7538103551040461;0.3660001754760742;7.0;1755694072.087;1755694072.453
1755694072.487;24;Fixation;0.3831724268017393;0.7397503734036325;0.7000000476837158;8.0;1755694072.487;1755694073.187
1755694073.32;27;Saccade;;;;0.0;1755694071.953;1755694332.457
1755694073.387;28;Saccade;;;;0.0;1755694071.953;1755694332.457
1755694073.42;28;Fixation;0.6406840006510417;0.5315858911584925;0.2669999599456787;9.0;1755694073.42;1755694073.687
1755694073.72;29;Fixation;0.5764934698740641;0.5895311204213945;0.8999998569488525;10.0;1755694073.72;1755694074.62
1755694074.653;34;Saccade;;;;0.0;1755694071.953;1755694332.457
1755694074.687;34;Fixation;0.4066751621387622;0.7299168841829026;0.2999999523162842;11.0;1755694074.687;1755694074.987
1755694075.02;35;Fixation;0.5214897428240095;0.7994248114691841;1.1340000629425049;12.0;1755694075.02;1755694076.154
1755694076.22;40;Fixation;0.36607188118828665;0.8053023161711517;0.16700005531311035;13.0;1755694076.22;1755694076.387
1755694076.487;42;Fixation;0.5820452411969503;0.7811091670283565;0.5;14.0;1755694076.487;1755694076.987
1755694077.02;45;Fixation;0.48033531017792525;0.7953493297609509;0.8340001106262207;15.0;1755694077.02;1755694077.854
1755694077.887;50;Fixation;0.6004673276628767;0.7245552829964451;0.46700000762939453;16.0;1755694077.887;1755694078.354
1755694078.42;52;Fixation;0.4431622346242268;0.7540418460045334;0.36699986457824707;17.0;1755694078.42;1755694078.787
1755694078.82;56;Fixation;0.555761323151765;0.7086430427959427;0.2669999599456787;18.0;1755694078.82;1755694079.087
1755694079.12;58;Fixation;0.4200686577038886;0.7248744562480525;0.40000009536743164;19.0;1755694079.12;1755694079.52
1755694079.754;67;Fixation;0.5278434700436062;0.6951123649691358;0.1660001277923584;20.0;1755694079.754;1755694079.92
1755694079.987;71;Fixation;0.380558695937648;0.7116740885005656;0.33299994468688965;21.0;1755694079.987;1755694080.32
1755694080.387;79;Fixation;0.5316011322869195;0.6947016774872203;0.2669999599456787;22.0;1755694080.387;1755694080.654
1755694080.687;84;Fixation;0.36446386973063144;0.7084264838735664;0.33299994468688965;23.0;1755694080.687;1755694081.02
1755694081.12;89;Fixation;0.07849545677502945;0.7033437375669127;0.3340001106262207;24.0;1755694081.12;1755694081.454
1755694081.487;92;Fixation;0.18371786859300396;0.6081863629376446;0.46700000762939453;25.0;1755694081.487;1755694081.954
1755694081.987;94;Saccade;;;;0.0;1755694071.953;1755694332.457
1755694082.054;94;Fixation;0.6443940650092231;0.7722955585997782;0.4660000801086426;26.0;1755694082.054;1755694082.52
1755694082.787;99;Fixation;0.3825201743178897;0.6678279040772237;3.2330000400543213;27.0;1755694082.787;1755694086.02
1755694086.187;156;Fixation;0.74590760185605;0.8216583413421794;0.2330000400543213;28.0;1755694086.187;1755694086.42
1755694086.454;160;Fixation;0.6902841002852829;0.8044807402685346;0.2999999523162842;29.0;1755694086.454;1755694086.754
1755694086.787;163;Fixation;0.6105149836767287;0.7748998450223732;0.4330000877380371;30.0;1755694086.787;1755694087.22
1755694087.254;165;Fixation;0.473659755565502;0.8005614575044608;0.5659999847412109;31.0;1755694087.254;1755694087.82
1755694087.887;174;Fixation;0.6038336325382841;0.7528073690171787;0.7329998016357422;32.0;1755694087.887;1755694088.62
1755694088.654;190;Fixation;0.44885915409434923;0.8152537027994792;0.33299994468688965;33.0;1755694088.654;1755694088.987
1755694089.154;200;Saccade;;;;0.0;1755694071.953;1755694332.457
1755694089.22;200;Saccade;;;;0.0;1755694071.953;1755694332.457
1755694089.354;201;Fixation;0.3654817532857259;0.686265315303096;12.599999904632568;34.0;1755694089.354;1755694101.954
1755694102.154;538;Fixation;0.6732016881306966;0.8121776778609664;0.20000004768371582;35.0;1755694102.154;1755694102.354
1755694102.387;545;Fixation;0.5488669925265842;0.7849761837303885;0.2669999599456787;36.0;1755694102.387;1755694102.654
1755694102.687;553;Fixation;0.45616889489002715;0.7488954006097255;0.8339998722076416;37.0;1755694102.687;1755694103.521
1755694103.554;567;Fixation;0.3728928750561129;0.7555680688564069;1.0;38.0;1755694103.554;1755694104.554
1755694104.587;587;Fixation;0.2687330652166296;0.7788548850228267;0.567000150680542;39.0;1755694104.587;1755694105.154
1755694105.187;598;Saccade;;;;0.0;1755694071.953;1755694332.457
1755694105.221;600;Saccade;;;;0.0;1755694071.953;1755694332.457
1755694105.254;601;Fixation;0.45702202681339155;0.7361464349509088;0.7000000476837158;40.0;1755694105.254;1755694105.954
1755694105.987;616;Fixation;0.5406215088040219;0.6978016772301369;0.5339999198913574;41.0;1755694105.987;1755694106.521
1755694106.554;625;Fixation;0.40956740012535675;0.690066980432581;0.40000009536743164;42.0;1755694106.554;1755694106.954
1755694107.021;636;Fixation;0.2777525673309962;0.7366813306455259;0.5;43.0;1755694107.021;1755694107.521
1755694107.587;650;Fixation;0.5055894374847412;0.7503551680953414;0.3000001907348633;44.0;1755694107.587;1755694107.887
1755694107.921;660;Fixation;0.3086074670155843;0.7664828152126736;0.2999999523162842;45.0;1755694107.921;1755694108.221
1755694108.254;670;Fixation;0.5542859042132342;0.7774338270901652;0.2669999599456787;46.0;1755694108.254;1755694108.521
1755694108.621;681;Fixation;0.7418695516753617;0.7394293206941779;0.5999999046325684;47.0;1755694108.621;1755694109.221
1755694109.354;703;Fixation;0.28187174170908297;0.7506231237340856;1.066999912261963;48.0;1755694109.354;1755694110.421
1755694110.454;736;Fixation;0.475453330308963;0.7594200460319844;0.40000009536743164;49.0;1755694110.454;1755694110.854
1755694110.921;750;Fixation;0.2891163582895317;0.7628299920906949;0.5329999923706055;50.0;1755694110.921;1755694111.454
1755694111.487;767;Fixation;0.4688296755154927;0.7662466755619757;0.5;51.0;1755694111.487;1755694111.987
1755694112.021;783;Fixation;0.27551973872714564;0.7901698623468848;0.4660000801086426;52.0;1755694112.021;1755694112.487
1755694112.521;798;Fixation;0.47139229509565567;0.7714662434142312;0.3660001754760742;53.0;1755694112.521;1755694112.887
1755694112.954;811;Fixation;0.71951476626926;0.7188539820541571;0.46700000762939453;54.0;1755694112.954;1755694113.421
1755694113.621;831;Fixation;0.4329457848160355;0.6459982664006237;0.26600003242492676;55.0;1755694113.621;1755694113.887
1755694113.921;840;Fixation;0.4441147027192292;0.5434007369932323;0.33299994468688965;56.0;1755694113.921;1755694114.254
1755694114.287;850;Fixation;0.562163646548402;0.6764940149643842;0.5340001583099365;57.0;1755694114.287;1755694114.821
1755694114.854;862;Saccade;;;;0.0;1755694071.953;1755694332.457
1755694114.887;862;Saccade;;;;0.0;1755694071.953;1755694332.457
1755694114.954;864;Fixation;0.39190594809395923;0.5682186348728402;0.46700000762939453;58.0;1755694114.954;1755694115.421
1755694115.454;880;Saccade;;;;0.0;1755694071.953;1755694332.457
1755694115.487;880;Saccade;;;;0.0;1755694071.953;1755694332.457
1755694115.554;883;Fixation;0.3094260851542155;0.8040190272861057;0.567000150680542;59.0;1755694115.554;1755694116.121
1755694116.154;900;Fixation;0.4089590557834558;0.8056371469479092;1.2669999599456787;60.0;1755694116.154;1755694117.421
1755694118.121;957;Fixation;0.3947018241882324;0.6359804054542824;0.13299989700317383;61.0;1755694118.121;1755694118.254
1755694118.987;981;Fixation;0.3730321407318115;0.8500770710132739;0.16700005531311035;62.0;1755694118.987;1755694119.154
1755694119.221;986;Fixation;0.33696238199869794;0.7824975755479601;0.1660001277923584;63.0;1755694119.221;1755694119.387
1755694119.421;990;Saccade;;;;0.0;1755694071.953;1755694332.457
1755694119.454;992;Fixation;0.36591410107082784;0.6478869402850116;0.20000004768371582;64.0;1755694119.454;1755694119.654
1755694119.687;998;Fixation;0.43840377772295913;0.6335838474854519;0.7669999599456787;65.0;1755694119.687;1755694120.454
1755694120.521;1020;Fixation;0.5688956809766365;0.650030517578125;0.46700000762939453;66.0;1755694120.521;1755694120.988
1755694121.021;1037;Fixation;0.5521282450358072;0.7541295934606482;0.13300013542175293;67.0;1755694121.021;1755694121.154
1755694121.254;1043;Fixation;0.6981075445810954;0.7731863092493128;0.10000014305114746;68.0;1755694121.254;1755694121.354
1755694121.388;1047;Saccade;;;;0.0;1755694071.953;1755694332.457
1755694121.421;1049;Saccade;;;;0.0;1755694071.953;1755694332.457
1755694121.488;1050;Fixation;0.7975427945454916;0.6137931682445386;0.13300013542175293;69.0;1755694121.488;1755694121.621
1755694121.654;1055;Fixation;0.6690979480743408;0.6061895299840857;0.2999999523162842;70.0;1755694121.654;1755694121.954
1755694122.021;1067;Saccade;;;;0.0;1755694071.953;1755694332.457
1755694122.088;1069;Saccade;;;;0.0;1755694071.953;1755694332.457
1755694122.154;1070;Fixation;0.6346727159288195;0.6867478170512635;0.16700005531311035;71.0;1755694122.154;1755694122.321
1755694122.454;1080;Fixation;0.7633259727841332;0.8705380152142238;0.20000004768371582;72.0;1755694122.454;1755694122.654
1755694122.688;1085;Fixation;0.6555367469787597;0.829700964468497;0.10000014305114746;73.0;1755694122.688;1755694122.788
1755694122.821;1089;Saccade;;;;0.0;1755694071.953;1755694332.457
1755694122.854;1090;Saccade;;;;0.0;1755694071.953;1755694332.457
1755694122.888;1091;Saccade;;;;0.0;1755694071.953;1755694332.457
1755694122.954;1094;Fixation;0.6967791451348199;0.6677484269004791;0.2669999599456787;74.0;1755694122.954;1755694123.221
1755694123.254;1103;Fixation;0.5911432629539853;0.6778198403656168;0.23399996757507324;75.0;1755694123.254;1755694123.488
1755694123.521;1110;Fixation;0.5165976524353028;0.736284171210395;0.10000014305114746;76.0;1755694123.521;1755694123.621
1755694123.654;1115;Fixation;0.38296213547388713;0.7964019916675709;0.23399996757507324;77.0;1755694123.654;1755694123.888
1755694123.988;1125;Fixation;0.47176488240559894;0.7853838445718396;0.3000001907348633;78.0;1755694123.988;1755694124.288
1755694124.454;1138;Fixation;0.41080180681668793;0.7223084061234086;0.40000009536743164;79.0;1755694124.454;1755694124.854
1755694124.888;1151;Saccade;;;;0.0;1755694071.953;1755694332.457
1755694124.921;1152;Fixation;0.5969564490848116;0.4481760684354805;0.40000009536743164;80.0;1755694124.921;1755694125.321
1755694125.554;1170;Fixation;0.49101775033133366;0.6518630012633307;0.20000004768371582;81.0;1755694125.554;1755694125.754
1755694125.888;1180;Fixation;0.46626531812879773;0.6900630432882428;0.20000004768371582;82.0;1755694125.888;1755694126.088
1755694126.121;1187;Fixation;0.46971062024434396;0.7543068497269242;0.20000004768371582;83.0;1755694126.121;1755694126.321
1755694126.421;1196;Saccade;;;;0.0;1755694071.953;1755694332.457
1755694126.588;1200;Fixation;0.36305594126383467;0.6000925247757524;0.1659998893737793;84.0;1755694126.588;1755694126.754
1755694126.821;1208;Saccade;;;;0.0;1755694071.953;1755694332.457
1755694126.921;1210;Saccade;;;;0.0;1755694071.953;1755694332.457
1755694126.954;1212;Fixation;0.38199731190999353;0.7081367097077547;0.16700005531311035;85.0;1755694126.954;1755694127.121
1755694127.154;1217;Saccade;;;;0.0;1755694071.953;1755694332.457
1755694127.188;1218;Saccade;;;;0.0;1755694071.953;1755694332.457
1755694127.221;1218;Saccade;;;;0.0;1755694071.953;1755694332.457
1755694127.254;1221;Saccade;;;;0.0;1755694071.953;1755694332.457
1755694127.288;1223;Fixation;0.4908632777986073;0.8877402088629507;0.19999980926513672;86.0;1755694127.288;1755694127.488
1755694127.654;1233;Fixation;0.4153626251220703;0.6401939787688079;0.13400006294250488;87.0;1755694127.654;1755694127.788
1755694127.854;1240;Fixation;0.3771126893850472;0.533712712040654;0.39999985694885254;88.0;1755694127.854;1755694128.254
1755694128.288;1251;Fixation;0.4962692366706;0.49836693908942575;0.26599979400634766;89.0;1755694128.288;1755694128.554
1755694128.588;1259;Fixation;0.4942741090601141;0.7524970006461097;0.7660000324249268;90.0;1755694128.588;1755694129.354
1755694129.388;1291;Fixation;0.4927614847819011;0.6963192618148835;0.5999999046325684;91.0;1755694129.388;1755694129.988
1755694130.021;1302;Fixation;0.47429822285970047;0.6019908925212881;0.20000004768371582;92.0;1755694130.021;1755694130.221
1755694130.254;1309;Fixation;0.5342800140380859;0.7274430734139902;0.10000014305114746;93.0;1755694130.254;1755694130.354
1755694130.388;1312;Saccade;;;;0.0;1755694071.953;1755694332.457
1755694130.421;1314;Saccade;;;;0.0;1755694071.953;1755694332.457
1755694130.454;1315;Fixation;0.6194103029039171;0.6522450859164014;0.20000004768371582;94.0;1755694130.454;1755694130.654
1755694130.688;1322;Saccade;;;;0.0;1755694071.953;1755694332.457
1755694130.754;1324;Fixation;0.4454229619767931;0.7722532060411242;0.36700010299682617;95.0;1755694130.754;1755694131.121
1755694131.288;1340;Fixation;0.3982373308252405;0.6994218865539802;0.26599979400634766;96.0;1755694131.288;1755694131.554
1755694131.988;1360;Fixation;0.4423498630523682;0.8013986149540655;0.3000001907348633;97.0;1755694131.988;1755694132.288
1755694132.321;1368;Fixation;0.4333323902553981;0.7142018607086152;1.2669999599456787;98.0;1755694132.321;1755694133.588
1755694133.654;1408;Fixation;0.325486155351003;0.5517244833487052;0.23399996757507324;99.0;1755694133.654;1755694133.888
1755694133.921;1417;Saccade;;;;0.0;1755694071.953;1755694332.457
1755694134.021;1419;Fixation;0.443290278116862;0.7623136506257234;0.13300013542175293;100.0;1755694134.021;1755694134.154
1755694134.221;1425;Fixation;0.37987779639233116;0.5106234573617597;0.9330000877380371;101.0;1755694134.221;1755694135.154
1755694135.188;1452;Fixation;0.4709503859060783;0.5066290195292407;1.4660000801086426;102.0;1755694135.188;1755694136.654
1755694136.688;1495;Fixation;0.4960366205980548;0.65851263224667;1.933000087738037;103.0;1755694136.688;1755694138.621
1755694138.654;1553;Fixation;0.470777110564403;0.4934971301304309;0.43400001525878906;104.0;1755694138.654;1755694139.088
1755694139.121;1568;Fixation;0.3577837100395789;0.6162060642514133;0.932999849319458;105.0;1755694139.121;1755694140.054
1755694140.121;1597;Fixation;0.23952278627289667;0.5931146033016252;0.7999999523162842;106.0;1755694140.121;1755694140.921
1755694141.054;1625;Fixation;0.6784069979632341;0.8531756805294335;0.3000001907348633;107.0;1755694141.054;1755694141.354
1755694141.388;1634;Fixation;0.5162598793966728;0.7894339697170445;0.6659998893737793;108.0;1755694141.388;1755694142.054
1755694142.088;1653;Saccade;;;;0.0;1755694071.953;1755694332.457
1755694142.154;1655;Fixation;0.3544808334774441;0.5278668815706983;0.20000004768371582;109.0;1755694142.154;1755694142.354
1755694142.421;1664;Fixation;0.5209370860347042;0.7860121738763504;0.2669999599456787;110.0;1755694142.421;1755694142.688
1755694142.721;1673;Fixation;0.4691059313322368;0.7511331361172028;0.6000001430511475;111.0;1755694142.721;1755694143.321
1755694143.354;1692;Fixation;0.4449556562635633;0.8554941732416708;0.6669998168945312;112.0;1755694143.354;1755694144.021
1755694144.088;1713;Saccade;;;;0.0;1755694071.953;1755694332.457
1755694144.121;1713;Saccade;;;;0.0;1755694071.953;1755694332.457
1755694144.155;1716;Saccade;;;;0.0;1755694071.953;1755694332.457
1755694144.188;1716;Saccade;;;;0.0;1755694071.953;1755694332.457
1755694144.221;1717;Fixation;0.41166010572199235;0.5617244936104638;0.6670000553131104;113.0;1755694144.221;1755694144.888
1755694145.155;1746;Saccade;;;;0.0;1755694071.953;1755694332.457
1755694145.221;1748;Saccade;;;;0.0;1755694071.953;1755694332.457
1755694145.355;1752;Fixation;0.6313511780330112;0.8846820488177911;0.9000000953674316;114.0;1755694145.355;1755694146.255
1755694146.388;1783;Fixation;0.2811637094285753;0.79479276680652;0.46700000762939453;115.0;1755694146.388;1755694146.855
1755694146.888;1798;Fixation;0.3853893240292867;0.83374438462434;0.5329999923706055;116.0;1755694146.888;1755694147.421
1755694147.455;1813;Saccade;;;;0.0;1755694071.953;1755694332.457
1755694147.488;1814;Saccade;;;;0.0;1755694071.953;1755694332.457
1755694147.521;1816;Saccade;;;;0.0;1755694071.953;1755694332.457
1755694147.588;1819;Fixation;0.35039989948272704;0.38728005444561997;0.13299989700317383;117.0;1755694147.588;1755694147.721
1755694147.755;1823;Fixation;0.4096811294555664;0.45971753155743633;0.19999980926513672;118.0;1755694147.755;1755694147.955
1755694147.988;1831;Fixation;0.48670645004663715;0.6145773341513088;0.4330000877380371;119.0;1755694147.988;1755694148.421
1755694148.455;1843;Fixation;0.38658185535007056;0.7303631723662954;0.1660001277923584;120.0;1755694148.455;1755694148.621
1755694148.655;1851;Fixation;0.48523122292977794;0.635676673083312;0.8659999370574951;121.0;1755694148.655;1755694149.521
1755694149.555;1878;Fixation;0.5251773213583325;0.7435375772035522;0.6659998893737793;122.0;1755694149.555;1755694150.221
1755694150.421;1903;Fixation;0.4586936994530688;0.6228054967419854;1.9000000953674316;123.0;1755694150.421;1755694152.321
1755694152.355;1962;Fixation;0.4211495482403299;0.6335186010781503;0.7330000400543213;124.0;1755694152.355;1755694153.088
1755694153.121;1984;Fixation;0.4519593906402588;0.6041924596715856;0.6340000629425049;125.0;1755694153.121;1755694153.755
1755694153.821;2005;Saccade;;;;0.0;1755694071.953;1755694332.457
1755694154.088;2014;Saccade;;;;0.0;1755694071.953;1755694332.457
1755694154.121;2014;Saccade;;;;0.0;1755694071.953;1755694332.457
1755694154.155;2015;Saccade;;;;0.0;1755694071.953;1755694332.457
1755694154.188;2016;Saccade;;;;0.0;1755694071.953;1755694332.457
1755694154.221;2018;Fixation;0.4780603525931374;0.896716177719146;0.6340000629425049;126.0;1755694154.221;1755694154.855
1755694155.088;2043;Saccade;;;;0.0;1755694071.953;1755694332.457
1755694155.121;2044;Saccade;;;;0.0;1755694071.953;1755694332.457
1755694155.155;2045;Saccade;;;;0.0;1755694071.953;1755694332.457
1755694155.188;2047;Fixation;0.34205757423683447;0.4866268519020866;0.2669999599456787;127.0;1755694155.188;1755694155.455
1755694155.488;2055;Saccade;;;;0.0;1755694071.953;1755694332.457
1755694155.521;2056;Saccade;;;;0.0;1755694071.953;1755694332.457
1755694155.721;2062;Fixation;0.46268661657969157;0.8944965051721645;0.6340000629425049;128.0;1755694155.721;1755694156.355
1755694156.388;2080;Fixation;0.45763888333013153;0.8734843732953146;2.0;129.0;1755694156.388;1755694158.388
1755694158.421;2140;Fixation;0.4963371827154933;0.8992075379006854;4.099999904632568;130.0;1755694158.421;1755694162.521
1755694162.555;2263;Saccade;;;;0.0;1755694071.953;1755694332.457
1755694162.588;2263;Saccade;;;;0.0;1755694071.953;1755694332.457
1755694162.621;2264;Saccade;;;;0.0;1755694071.953;1755694332.457
1755694162.655;2265;Saccade;;;;0.0;1755694071.953;1755694332.457
1755694162.988;2274;Fixation;0.3705996876671201;0.4607066603564712;0.20000004768371582;131.0;1755694162.988;1755694163.188
1755694163.221;2281;Saccade;;;;0.0;1755694071.953;1755694332.457
1755694163.355;2286;Saccade;;;;0.0;1755694071.953;1755694332.457
1755694163.388;2287;Saccade;;;;0.0;1755694071.953;1755694332.457
1755694163.421;2287;Saccade;;;;0.0;1755694071.953;1755694332.457
1755694163.455;2288;Fixation;0.564375737508138;0.8144994439019098;0.13300013542175293;132.0;1755694163.455;1755694163.588
1755694163.688;2294;Fixation;0.4190459392688892;0.6257270718798226;0.2669999599456787;133.0;1755694163.688;1755694163.955
1755694163.988;2304;Fixation;0.5664107831319173;0.8528224012586806;0.3000001907348633;134.0;1755694163.988;1755694164.288
1755694164.321;2315;Fixation;0.5282267708248561;0.934226803249783;1.066999912261963;135.0;1755694164.321;1755694165.388
1755694165.421;2353;Saccade;;;;0.0;1755694071.953;1755694332.457
1755694165.588;2353;Fixation;0.36218142827351885;0.3696668667263455;0.16700005531311035;136.0;1755694165.588;1755694165.755
1755694165.788;2357;Fixation;0.509351889292399;0.48570841565544226;0.2669999599456787;137.0;1755694165.788;1755694166.055
1755694166.088;2367;Fixation;0.5278471195336544;0.6226475006000763;0.33299994468688965;138.0;1755694166.088;1755694166.421
1755694166.455;2378;Fixation;0.3808047374089558;0.6813235035649052;0.2330000400543213;139.0;1755694166.455;1755694166.688
1755694166.721;2383;Fixation;0.48421085769054933;0.6677973711932147;2.2339999675750732;140.0;1755694166.721;1755694168.955
1755694169.155;2451;Fixation;0.49296918806990964;0.698754090237639;1.3329999446868896;141.0;1755694169.155;1755694170.488
1755694170.522;2489;Fixation;0.29256357192993165;0.8122310271086517;0.1659998893737793;142.0;1755694170.522;1755694170.688
1755694170.722;2492;Fixation;0.36806512196858715;0.7557298975815009;0.4660000801086426;143.0;1755694170.722;1755694171.188
1755694171.222;2508;Fixation;0.4450552434632271;0.7171894368900595;0.7000000476837158;144.0;1755694171.222;1755694171.922
1755694171.955;2529;Fixation;0.42160325845082597;0.6473245597180024;0.3660001754760742;145.0;1755694171.955;1755694172.321
1755694172.455;2544;Fixation;0.36458521684010825;0.5732833909399716;0.3660001754760742;146.0;1755694172.455;1755694172.821
1755694172.855;2556;Fixation;0.4023870740618024;0.6004852254554709;0.4330000877380371;147.0;1755694172.855;1755694173.288
1755694173.321;2571;Saccade;;;;0.0;1755694071.953;1755694332.457
1755694173.555;2577;Saccade;;;;0.0;1755694071.953;1755694332.457
1755694173.588;2579;Saccade;;;;0.0;1755694071.953;1755694332.457
1755694173.988;2590;Fixation;0.4232006682289972;0.5487585797721957;0.36700010299682617;148.0;1755694173.988;1755694174.355
1755694174.555;2608;Fixation;0.44371928666767313;0.7453965780098305;0.5999999046325684;149.0;1755694174.555;1755694175.155
1755694175.188;2627;Fixation;0.49333409228066133;0.6575316239389032;1.4000000953674316;150.0;1755694175.188;1755694176.588
1755694176.622;2668;Fixation;0.5506827905281204;0.6848787803315565;4.33299994468689;151.0;1755694176.622;1755694180.955
1755694180.988;2799;Fixation;0.49019679772603264;0.7619883106118407;14.801000118255615;152.0;1755694180.988;1755694195.789
1755694195.822;3236;Fixation;0.4934413083394367;0.6793307683497299;0.46700000762939453;153.0;1755694195.822;1755694196.289
1755694196.355;3251;Fixation;0.6145875839960008;0.594910281549686;0.2999999523162842;154.0;1755694196.355;1755694196.655
1755694196.889;3267;Fixation;0.5047294608107559;0.7322051543731233;1.2000000476837158;155.0;1755694196.889;1755694198.089
1755694198.255;3306;Fixation;0.3598704111008417;0.48776027538158273;0.23399996757507324;156.0;1755694198.255;1755694198.489
1755694198.522;3315;Saccade;;;;0.0;1755694071.953;1755694332.457
1755694198.555;3316;Fixation;0.5431007762014128;0.7099859732168693;1.7999999523162842;157.0;1755694198.555;1755694200.355
1755694200.455;3373;Fixation;0.6431822776794434;0.8219733344184028;0.13400006294250488;158.0;1755694200.455;1755694200.589
1755694200.689;3379;Saccade;;;;0.0;1755694071.953;1755694332.457
1755694200.722;3381;Saccade;;;;0.0;1755694071.953;1755694332.457
1755694200.822;3384;Fixation;0.43561580710940895;0.5827016430136598;0.36699986457824707;159.0;1755694200.822;1755694201.189
1755694201.222;3395;Fixation;0.4859988139735328;0.675158989282302;1.7330000400543213;160.0;1755694201.222;1755694202.955
1755694202.989;3444;Fixation;0.43870758692423506;0.7564587364667726;0.4659998416900635;161.0;1755694202.989;1755694203.455
1755694203.489;3461;Fixation;0.4753315743945893;0.6028675166807899;0.6659998893737793;162.0;1755694203.489;1755694204.155
1755694204.389;3463;Saccade;;;;0.0;1755694071.953;1755694332.457
1755694204.422;3463;Saccade;;;;0.0;1755694071.953;1755694332.457
1755694204.522;3465;Fixation;0.5440622647603353;0.5848575846354167;0.46700000762939453;163.0;1755694204.522;1755694204.989
1755694205.022;3474;Fixation;0.5231010993321736;0.6281194770376289;1.432999849319458;164.0;1755694205.022;1755694206.455
1755694206.489;3487;Saccade;;;;0.0;1755694071.953;1755694332.457
1755694206.522;3487;Saccade;;;;0.0;1755694071.953;1755694332.457
1755694206.589;3488;Saccade;;;;0.0;1755694071.953;1755694332.457
1755694206.689;3488;Fixation;0.4616499137878417;0.7643647257486977;0.4660000801086426;165.0;1755694206.689;1755694207.155
1755694207.355;3495;Fixation;0.5775338127499535;0.4403328789605035;0.23399996757507324;166.0;1755694207.355;1755694207.589
1755694207.622;3500;Fixation;0.5575260624741062;0.5868752219460227;0.36700010299682617;167.0;1755694207.622;1755694207.989
1755694208.022;3504;Saccade;;;;0.0;1755694071.953;1755694332.457
1755694208.055;3504;Fixation;0.447888868826407;0.7828259628986626;0.2669999599456787;168.0;1755694208.055;1755694208.322
1755694208.355;3507;Saccade;;;;0.0;1755694071.953;1755694332.457
1755694208.455;3508;Saccade;;;;0.0;1755694071.953;1755694332.457
1755694208.489;3508;Fixation;0.6189017896299008;0.6175494409882973;0.26600003242492676;169.0;1755694208.489;1755694208.755
1755694208.789;3513;Fixation;0.5192767081437287;0.6879689597298579;1.1659998893737793;170.0;1755694208.789;1755694209.955
1755694209.989;3529;Fixation;0.5396341087997599;0.7590314378210482;3.065999984741211;171.0;1755694209.989;1755694213.055
1755694213.155;3599;Fixation;0.5652441279093424;0.4386087036132812;0.46700000762939453;172.0;1755694213.155;1755694213.622
1755694213.655;3610;Fixation;0.560279286702474;0.5362281968858508;0.13400006294250488;173.0;1755694213.655;1755694213.789
1755694213.889;3617;Saccade;;;;0.0;1755694071.953;1755694332.457
1755694213.922;3617;Saccade;;;;0.0;1755694071.953;1755694332.457
1755694213.955;3619;Saccade;;;;0.0;1755694071.953;1755694332.457
1755694213.989;3620;Fixation;0.5200877930973794;0.7681687023239758;8.599999904632568;174.0;1755694213.989;1755694222.589
1755694222.622;3869;Fixation;0.49463975125758347;0.7461766048100278;8.799999952316284;175.0;1755694222.622;1755694231.422
1755694231.456;4132;Fixation;0.4783879915873209;0.7284918729590361;0.2329998016357422;176.0;1755694231.456;1755694231.689
1755694231.789;4141;Fixation;0.59334348042806;0.4342980632075557;0.2330000400543213;177.0;1755694231.789;1755694232.022
1755694232.056;4148;Saccade;;;;0.0;1755694071.953;1755694332.457
1755694232.089;4151;Fixation;0.5454297903812293;0.7135350185612637;0.33299994468688965;178.0;1755694232.089;1755694232.422
1755694232.689;4169;Saccade;;;;0.0;1755694071.953;1755694332.457
1755694232.722;4169;Saccade;;;;0.0;1755694071.953;1755694332.457
1755694232.756;4171;Fixation;0.4107819420950753;0.7365756645404472;0.20000004768371582;179.0;1755694232.756;1755694232.956
1755694232.989;4177;Fixation;0.562954224480523;0.7984712106210216;0.16699981689453125;180.0;1755694232.989;1755694233.156
1755694233.189;4184;Saccade;;;;0.0;1755694071.953;1755694332.457
1755694233.256;4185;Fixation;0.5559677187601726;0.5426802910698786;0.2999999523162842;181.0;1755694233.256;1755694233.556
1755694233.589;4195;Saccade;;;;0.0;1755694071.953;1755694332.457
1755694233.689;4198;Saccade;;;;0.0;1755694071.953;1755694332.457
1755694233.789;4202;Fixation;0.4728974997997284;0.6565797099360713;0.5329999923706055;182.0;1755694233.789;1755694234.322
1755694234.356;4218;Fixation;0.42776267415001273;0.7329126469041937;0.4330000877380371;183.0;1755694234.356;1755694234.789
1755694234.822;4232;Fixation;0.34071381886800123;0.6803089745518335;0.3339998722076416;184.0;1755694234.822;1755694235.156
1755694235.322;4247;Fixation;0.5450383122762045;0.7650086805555556;0.16700005531311035;185.0;1755694235.322;1755694235.489
1755694235.522;4253;Saccade;;;;0.0;1755694071.953;1755694332.457
1755694235.556;4253;Saccade;;;;0.0;1755694071.953;1755694332.457
1755694235.589;4255;Saccade;;;;0.0;1755694071.953;1755694332.457
1755694235.622;4256;Saccade;;;;0.0;1755694071.953;1755694332.457
1755694236.789;4291;Fixation;0.4715530792872111;0.7194012159182702;0.7669999599456787;186.0;1755694236.789;1755694237.556
1755694237.589;4315;Fixation;0.531748198080754;0.6842639720382323;0.7339999675750732;187.0;1755694237.589;1755694238.323
1755694238.356;4338;Fixation;0.5307733882557261;0.7165532185975149;1.4000000953674316;188.0;1755694238.356;1755694239.756
1755694239.789;4382;Fixation;0.5036765958748612;0.7652614418977227;0.5339999198913574;189.0;1755694239.789;1755694240.323
1755694240.356;4399;Fixation;0.536823014245517;0.6754866366097189;2.2669999599456787;190.0;1755694240.356;1755694242.623
1755694242.656;4466;Fixation;0.5175785951716926;0.7658725907155975;2.0329999923706055;191.0;1755694242.656;1755694244.689
1755694244.923;4535;Fixation;0.5385755269955367;0.6866441775590946;0.39999985694885254;192.0;1755694244.923;1755694245.323
1755694245.356;4547;Fixation;0.43017808823358444;0.578881747129733;0.2669999599456787;193.0;1755694245.356;1755694245.623
1755694245.656;4554;Fixation;0.4918331063823935;0.5860141853573227;0.8670001029968262;194.0;1755694245.656;1755694246.523
1755694246.556;4582;Fixation;0.4499155807495116;0.5442923369231047;1.0;195.0;1755694246.556;1755694247.556
1755694247.589;4614;Fixation;0.5086513868967691;0.5899248815465856;0.3340001106262207;196.0;1755694247.589;1755694247.923
1755694247.956;4625;Fixation;0.5100981235504151;0.7043420720983435;0.5;197.0;1755694247.956;1755694248.456
1755694248.489;4640;Fixation;0.4319489970351711;0.7476303691414471;0.6999998092651367;198.0;1755694248.489;1755694249.189
1755694249.223;4662;Fixation;0.46891113096667875;0.7899995938281719;1.0;199.0;1755694249.223;1755694250.223
1755694250.423;4698;Fixation;0.44658077482193226;0.7210299402738164;2.4659998416900635;200.0;1755694250.423;1755694252.889
1755694253.623;4794;Fixation;0.5248934110005696;0.7390022439962457;2.366000175476074;201.0;1755694253.623;1755694255.989
1755694257.389;4907;Fixation;0.5894597371419271;0.8081066838017217;0.13400006294250488;202.0;1755694257.389;1755694257.523
1755694257.556;4911;Fixation;0.49351897920880994;0.7893660045805431;0.6670000553131104;203.0;1755694257.556;1755694258.223
1755694258.256;4932;Fixation;0.49553932825724284;0.8191027492947051;0.13299989700317383;204.0;1755694258.256;1755694258.389
1755694258.423;4937;Fixation;0.5481662408805188;0.7137795593512892;0.8659999370574951;205.0;1755694258.423;1755694259.289
1755694259.456;4967;Fixation;0.518157909030006;0.898107998964017;0.19999980926513672;206.0;1755694259.456;1755694259.656
1755694260.089;4985;Fixation;0.43151970799764;0.7184629177517362;0.9010000228881836;207.0;1755694260.089;1755694260.99
1755694261.023;5012;Fixation;0.4973510589864518;0.6856251598876201;1.566999912261963;208.0;1755694261.023;1755694262.59
1755694262.623;5060;Fixation;0.468016775449117;0.6435848518654153;0.10000014305114746;209.0;1755694262.623;1755694262.723
1755694262.756;5061;Fixation;0.4929072556672272;0.7979473663455665;0.2669999599456787;210.0;1755694262.756;1755694263.023
1755694263.056;5070;Saccade;;;;0.0;1755694071.953;1755694332.457
1755694263.123;5073;Fixation;0.5234591024893303;0.5956197479624807;0.6000001430511475;211.0;1755694263.123;1755694263.723
1755694263.756;5087;Fixation;0.5370968198019361;0.6707094744862283;3.4670000076293945;212.0;1755694263.756;1755694267.223
1755694267.256;5190;Fixation;0.5561343269348145;0.6323478845666957;0.7999999523162842;213.0;1755694267.256;1755694268.056
1755694268.09;5213;Fixation;0.44637445103038437;0.7764394278478141;0.40000009536743164;214.0;1755694268.09;1755694268.49
1755694268.623;5228;Fixation;0.5154169831957136;0.8821553790380084;0.4330000877380371;215.0;1755694268.623;1755694269.056
1755694269.09;5241;Fixation;0.5275301419771634;0.7813053924473603;0.4330000877380371;216.0;1755694269.09;1755694269.523
1755694269.723;5258;Fixation;0.5267847048441568;0.6933755334924768;2.5;217.0;1755694269.723;1755694272.223
1755694272.256;5332;Fixation;0.522158932156033;0.5888552856445313;0.46700000762939453;218.0;1755694272.256;1755694272.723
1755694272.756;5347;Fixation;0.45270358805070837;0.7911852652566476;0.5999999046325684;219.0;1755694272.756;1755694273.356
1755694273.39;5365;Fixation;0.5138246889467593;0.729991831210415;1.1659998893737793;220.0;1755694273.39;1755694274.556
1755694274.59;5401;Fixation;0.6065436628129747;0.6583801457911362;0.3660001754760742;221.0;1755694274.59;1755694274.956
1755694275.023;5413;Fixation;0.5651517391204833;0.6966341786325714;0.9670000076293945;222.0;1755694275.023;1755694275.99
1755694276.023;5442;Fixation;0.4065470298131307;0.8040710661146376;0.2330000400543213;223.0;1755694276.023;1755694276.256
1755694276.323;5452;Fixation;0.5236958898679175;0.5981900901237855;1.067000150680542;224.0;1755694276.323;1755694277.39
1755694277.423;5484;Fixation;0.4346064166018837;0.7198338082891691;0.5999999046325684;225.0;1755694277.423;1755694278.023
1755694278.056;5503;Fixation;0.47192473411560054;0.6787237591213651;0.23399996757507324;226.0;1755694278.056;1755694278.29
1755694278.323;5512;Fixation;0.5086130332946777;0.6216711595323352;0.2999999523162842;227.0;1755694278.323;1755694278.623
1755694278.656;5520;Fixation;0.48970091515693115;0.75162827004941;1.5;228.0;1755694278.656;1755694280.156
1755694280.19;5567;Fixation;0.5003381513413928;0.7795673087791161;0.8999998569488525;229.0;1755694280.19;1755694281.09
1755694281.123;5595;Fixation;0.5282835460844495;0.6743906475248791;0.9000000953674316;230.0;1755694281.123;1755694282.023
1755694282.056;5622;Fixation;0.4290447965080355;0.8822108013639723;0.9000000953674316;231.0;1755694282.056;1755694282.956
1755694282.99;5650;Fixation;0.43049320479234054;0.792424903092561;1.0329999923706055;232.0;1755694282.99;1755694284.023
1755694284.057;5682;Fixation;0.3708697211436736;0.7773860246707232;4.300000190734863;233.0;1755694284.057;1755694288.357
1755694288.39;5813;Fixation;0.3830294977980876;0.8162011340594368;2.6669998168945312;234.0;1755694288.39;1755694291.057
1755694291.123;5894;Fixation;0.46604614257812504;0.7304933811953658;1.2340002059936523;235.0;1755694291.123;1755694292.357
1755694292.39;5931;Fixation;0.40054497426016283;0.7713360516880922;2.5;236.0;1755694292.39;1755694294.89
1755694294.923;6007;Fixation;0.4203709353863353;0.7620035433184683;4.699999809265137;237.0;1755694294.923;1755694299.623
1755694299.657;6149;Fixation;0.4861952890668596;0.8319667868639425;1.1329998970031738;238.0;1755694299.657;1755694300.79
1755694300.823;6185;Fixation;0.456667581097833;0.8612821410898962;1.934000015258789;239.0;1755694300.823;1755694302.757
1755694302.923;6245;Fixation;0.39843455685509577;0.6948683844672309;0.36699986457824707;240.0;1755694302.923;1755694303.29
1755694303.323;6258;Fixation;0.41916657402401875;0.7727530989066633;0.23399996757507324;241.0;1755694303.323;1755694303.557
1755694303.59;6266;Fixation;0.43750049500238325;0.8803099213453829;0.20000004768371582;242.0;1755694303.59;1755694303.79
1755694303.823;6273;Saccade;;;;0.0;1755694071.953;1755694332.457
1755694303.89;6274;Fixation;0.3028420723809136;0.7066052020037615;0.46700000762939453;243.0;1755694303.89;1755694304.357
1755694304.457;6292;Saccade;;;;0.0;1755694071.953;1755694332.457
1755694304.523;6294;Saccade;;;;0.0;1755694071.953;1755694332.457
1755694304.557;6296;Fixation;0.568807284037272;0.9357550433123555;0.9000000953674316;244.0;1755694304.557;1755694305.457
1755694305.49;6323;Saccade;;;;0.0;1755694071.953;1755694332.457
1755694305.523;6324;Saccade;;;;0.0;1755694071.953;1755694332.457
1755694305.59;6327;Fixation;0.4993334099098488;0.8315011546444991;0.6000001430511475;245.0;1755694305.59;1755694306.19
1755694306.223;6346;Fixation;0.43599993387858066;0.8024421043645322;0.5339999198913574;246.0;1755694306.223;1755694306.757
1755694306.957;6367;Fixation;0.4318515883551703;0.9527619048695506;0.5;247.0;1755694306.957;1755694307.457
1755694307.523;6384;Fixation;0.4786762166906286;0.7160460860640915;0.3340001106262207;248.0;1755694307.523;1755694307.857
1755694307.89;6396;Fixation;0.5170241355895996;0.6352810965643989;0.23399996757507324;249.0;1755694307.89;1755694308.124
1755694308.357;6407;Fixation;0.35366801818211874;0.5924234814114042;0.33299994468688965;250.0;1755694308.357;1755694308.69
1755694308.724;6417;Fixation;0.3825860370289196;0.6834918740354939;1.2660000324249268;251.0;1755694308.724;1755694309.99
1755694310.057;6457;Fixation;0.43864319210960756;0.7204864663421792;0.20000004768371582;252.0;1755694310.057;1755694310.257
1755694310.29;6466;Saccade;;;;0.0;1755694071.953;1755694332.457
1755694310.357;6467;Fixation;0.655316660954402;0.8491337050739516;0.39999985694885254;253.0;1755694310.357;1755694310.757
1755694310.824;6482;Fixation;0.5156802449907575;0.626698815885675;0.4330000877380371;254.0;1755694310.824;1755694311.257
1755694311.29;6494;Fixation;0.5405518668038505;0.76624269031343;0.20000004768371582;255.0;1755694311.29;1755694311.49
1755694311.524;6502;Fixation;0.4914656109280056;0.5852971583236882;0.2330000400543213;256.0;1755694311.524;1755694311.757
1755694311.79;6510;Fixation;0.4303975811711063;0.47752820238654997;0.2669999599456787;257.0;1755694311.79;1755694312.057
1755694312.357;6528;Fixation;0.5547200618646083;0.6478665604550614;0.8999998569488525;258.0;1755694312.357;1755694313.257
1755694313.29;6555;Fixation;0.614164670308431;0.6876315929271557;0.10000014305114746;259.0;1755694313.29;1755694313.39
1755694313.457;6561;Saccade;;;;0.0;1755694071.953;1755694332.457
1755694313.49;6562;Saccade;;;;0.0;1755694071.953;1755694332.457
1755694313.524;6563;Saccade;;;;0.0;1755694071.953;1755694332.457
1755694313.557;6564;Saccade;;;;0.0;1755694071.953;1755694332.457
1755694313.59;6565;Saccade;;;;0.0;1755694071.953;1755694332.457
1755694313.624;6565;Saccade;;;;0.0;1755694071.953;1755694332.457
1755694314.457;6590;Fixation;0.4012872483995225;0.7942526923285591;0.20000004768371582;260.0;1755694314.457;1755694314.657
1755694314.69;6596;Fixation;0.41191545592414003;0.7219245439694251;0.36699986457824707;261.0;1755694314.69;1755694315.057
1755694315.09;6610;Saccade;;;;0.0;1755694071.953;1755694332.457
1755694315.124;6611;Saccade;;;;0.0;1755694071.953;1755694332.457
1755694315.324;6618;Fixation;0.3871588888622465;0.7571628550373057;0.2330000400543213;262.0;1755694315.324;1755694315.557
1755694315.624;6625;Saccade;;;;0.0;1755694071.953;1755694332.457
1755694315.657;6625;Saccade;;;;0.0;1755694071.953;1755694332.457
1755694317.024;6667;Fixation;0.20920504993862568;0.864213693877797;0.10000014305114746;263.0;1755694317.024;1755694317.124
1755694317.157;6672;Fixation;0.3232434863135928;0.7989026993040055;0.20000004768371582;264.0;1755694317.157;1755694317.357
1755694317.424;6679;Fixation;0.21939353744188939;0.8608850337840893;0.2330000400543213;265.0;1755694317.424;1755694317.657
1755694317.69;6688;Fixation;0.30790357801649304;0.8055869396821952;0.46700000762939453;266.0;1755694317.69;1755694318.157
1755694319.89;6751;Saccade;;;;0.0;1755694071.953;1755694332.457
1755694319.924;6752;Saccade;;;;0.0;1755694071.953;1755694332.457
1755694319.957;6753;Saccade;;;;0.0;1755694071.953;1755694332.457
1755694319.99;6754;Saccade;;;;0.0;1755694071.953;1755694332.457
1755694320.024;6754;Fixation;0.5022141234079996;0.9302324761284725;0.2999999523162842;267.0;1755694320.024;1755694320.324
1755694320.357;6764;Fixation;0.49963493347167964;0.7749518594624084;0.39999985694885254;268.0;1755694320.357;1755694320.757
1755694320.79;6773;Fixation;0.4742659060160318;0.7269876437717014;0.13400006294250488;269.0;1755694320.79;1755694320.924
1755694321.024;6781;Fixation;0.3680457978021531;0.7289162287636409;0.20000004768371582;270.0;1755694321.024;1755694321.224
1755694321.29;6789;Fixation;0.3567426136561802;0.8740420548373429;0.20000004768371582;271.0;1755694321.29;1755694321.49
1755694321.557;6797;Fixation;0.4718451764848497;0.659613941333912;0.16700005531311035;272.0;1755694321.557;1755694321.724
1755694321.757;6804;Fixation;0.4302430052506296;0.7265924643354807;0.6000001430511475;273.0;1755694321.757;1755694322.357
1755694322.424;6821;Fixation;0.36059095700581867;0.8959780714246961;0.2999999523162842;274.0;1755694322.424;1755694322.724
1755694322.824;6833;Fixation;0.45886896412547035;0.7547843044043234;1.3330001831054688;275.0;1755694322.824;1755694324.157
1755694324.29;6876;Fixation;0.6935942331949869;0.7951478086871866;0.16700005531311035;276.0;1755694324.29;1755694324.457
1755694324.49;6881;Fixation;0.631752059573219;0.7331030467199902;0.23399996757507324;277.0;1755694324.49;1755694324.724
1755694324.79;6889;Fixation;0.4559756034459823;0.7588294569922988;0.43400001525878906;278.0;1755694324.79;1755694325.224
1755694325.257;6903;Fixation;0.33806923442416725;0.7426451092001832;0.9670000076293945;279.0;1755694325.257;1755694326.224
1755694326.457;6939;Saccade;;;;0.0;1755694071.953;1755694332.457
1755694326.49;6941;Saccade;;;;0.0;1755694071.953;1755694332.457
1755694326.524;6942;Saccade;;;;0.0;1755694071.953;1755694332.457
1755694326.557;6943;Fixation;0.3387385251229269;0.7558248270789549;0.6000001430511475;280.0;1755694326.557;1755694327.157
1755694327.224;6963;Fixation;0.4688388506571451;0.7304963571053964;0.3659999370574951;281.0;1755694327.224;1755694327.59
1755694327.657;6975;Fixation;0.30594545665540185;0.7598611842819125;0.5999999046325684;282.0;1755694327.657;1755694328.257
1755694328.324;6996;Fixation;0.4965651861826578;0.7495810049551505;0.6330001354217529;283.0;1755694328.324;1755694328.957
1755694328.99;7016;Fixation;0.3078162208436027;0.7392852675557346;0.7000000476837158;284.0;1755694328.99;1755694329.69
1755694329.757;7038;Fixation;0.4782514770825704;0.7302143450136538;0.2330000400543213;285.0;1755694329.757;1755694329.99
1755694330.057;7047;Fixation;0.7263397979736329;0.7002271355523003;0.3000001907348633;286.0;1755694330.057;1755694330.357
1755694330.424;7059;Fixation;0.30135454290053426;0.7230277898784296;0.5329999923706055;287.0;1755694330.424;1755694330.957
1755694331.024;7077;Fixation;0.4659268234715317;0.7099363898588752;0.33300018310546875;288.0;1755694331.024;1755694331.357
1755694331.457;7089;Fixation;0.7165169715881349;0.6898250956594207;0.36699986457824707;289.0;1755694331.457;1755694331.824
1755694331.924;7104;Fixation;0.310082041422526;0.7379041601110389;0.2999999523162842;290.0;1755694331.924;1755694332.224
1755694332.457;7120;Saccade;;;;0.0;1755694071.953;1755694332.457
1755694332.657;7126;Fixation;0.25191789773794315;0.7032589904263488;0.43400001525878906;291.0;1755694332.657;1755694333.091
1755694333.124;7139;Fixation;0.34540003670586483;0.69098180449058;0.2669999599456787;292.0;1755694333.124;1755694333.391
1755694333.524;7151;Fixation;0.28316369790297286;0.8970036128986933;0.46700000762939453;293.0;1755694333.524;1755694333.991
1755694334.091;7169;Fixation;0.4625934855143229;0.6849045950635917;1.7999999523162842;294.0;1755694334.091;1755694335.891
1755694335.991;7225;Fixation;0.2718187586466471;0.945089616186825;0.4660000801086426;295.0;1755694335.991;1755694336.457
1755694336.491;7240;Fixation;0.32923964009140483;0.8596296316846854;0.33299994468688965;296.0;1755694336.491;1755694336.824
