saccade_id;fixation_id;timestamp;x;y;video_frame_count;event_type;norm_pos_x;norm_pos_y;duration;start_time;end_time
1.0;;1755694067.087;1575.1569010416667;635.9187825520834;0;Saccade;;;0.0;1755694069.22;1755694069.22
;1.0;1755694067.787;1558.9417317708333;488.11889648437506;2;Fixation;1523.9213825257061;487.70904600186054;0.9330000877380371;1755694068.753;1755694068.753
;2.0;1755694068.753;1376.1220703125;451.90502929687494;4;Fixation;1384.2281436011904;456.8308047340029;0.43400001525878906;1755694069.32;1755694069.32
2.0;;1755694069.22;0.0;1440.0;7;Saccade;;;0.0;1755694069.62;1755694069.62
;3.0;1755694069.32;1186.3617350260417;636.7173665364581;7;Fixation;1123.9875600373446;621.0226884176764;1.0329999923706055;1755694072.287;1755694072.287
3.0;;1755694069.62;1142.5028483072917;629.0439453124999;10;Saccade;;;0.0;1755694070.387;1755694070.387
4.0;;1755694070.387;1097.3200683593748;588.6588541666666;16;Saccade;;;0.0;1755694072.453;1755694072.453
;4.0;1755694072.287;942.2929687499999;365.05908203124994;23;Fixation;976.1445791889906;370.662875687024;0.8329999446868896;1755694074.02;1755694074.02
5.0;;1755694072.453;964.2383626302083;364.16137695312494;23;Saccade;;;0.0;1755694072.787;1755694072.787
6.0;;1755694072.787;997.6971028645833;372.4703776041666;25;Saccade;;;0.0;1755694073.153;1755694073.153
7.0;;1755694073.153;956.6549479166666;384.6097819010417;26;Saccade;;;0.0;1755694074.253;1755694074.253
;5.0;1755694074.02;1464.6276041666667;572.4827473958333;30;Fixation;1457.841587611607;576.2959565662202;0.20000004768371582;1755694075.287;1755694075.287
8.0;;1755694074.253;1459.0065104166665;586.130859375;31;Saccade;;;0.0;1755694075.42;1755694075.42
;6.0;1755694075.287;1322.90966796875;319.18416341145826;36;Fixation;1335.2082019225093;272.37886846264513;0.8329999446868896;1755694076.22;1755694076.22
9.0;;1755694075.42;1315.9765625;340.5039876302082;37;Saccade;;;0.0;1755694075.754;1755694075.754
10.0;;1755694075.754;1294.9086100260415;267.07364908854163;39;Saccade;;;0.0;1755694076.154;1755694076.154
11.0;;1755694076.154;1217.82275390625;276.39046223958326;40;Saccade;;;0.0;1755694076.387;1755694076.387
;7.0;1755694076.22;912.7887369791666;282.6464029947916;40;Fixation;915.0359700520833;280.3442545572916;0.13400006294250488;1755694076.787;1755694076.787
12.0;;1755694076.387;1047.6842447916667;280.46671549479174;42;Saccade;;;0.0;1755694077.187;1755694077.187
;8.0;1755694076.787;1470.1603190104165;314.599853515625;44;Fixation;1459.210476345486;312.8381890190972;0.16700005531311035;1755694076.987;1755694076.987
;9.0;1755694076.987;1218.1953125;314.83414713541663;45;Fixation;1227.6578979114083;294.3904576809755;0.8670001029968262;1755694078.42;1755694078.42
13.0;;1755694077.187;1204.2203776041667;322.98567708333326;46;Saccade;;;0.0;1755694077.887;1755694077.887
14.0;;1755694077.887;1486.5045572916667;327.80419921874983;50;Saccade;;;0.0;1755694078.654;1755694078.654
;10.0;1755694078.42;1135.1206868489583;357.7349446614583;52;Fixation;1125.8187662760415;354.4678896949404;0.19999980926513672;1755694078.82;1755694078.82
15.0;;1755694078.654;1119.982177734375;350.1118977864582;55;Saccade;;;0.0;1755694079.054;1755694079.054
;11.0;1755694078.82;1468.0628255208333;419.15486653645826;56;Fixation;1467.5606631324406;424.59185500372024;0.20000004768371582;1755694079.254;1755694079.254
16.0;;1755694079.054;1360.1478678385415;418.08805338541663;58;Saccade;;;0.0;1755694079.92;1755694079.92
;12.0;1755694079.254;1038.5892740885417;396.63183593749994;59;Fixation;1037.4670862268517;396.3692220052083;0.26600003242492676;1755694079.554;1755694079.554
;13.0;1755694079.554;0.0;1440.0;64;Fixation;0.0;1440.0;0.1660001277923584;1755694079.754;1755694079.754
;14.0;1755694079.754;1353.3709309895833;440.46020507812506;67;Fixation;1354.868701171875;439.022314453125;0.13300013542175293;1755694079.987;1755694079.987
17.0;;1755694079.92;1333.3321940104167;439.1175944010416;70;Saccade;;;0.0;1755694080.254;1755694080.254
;15.0;1755694079.987;968.913330078125;416.11181640624994;71;Fixation;967.1198120117188;416.01760864257807;0.2330000400543213;1755694080.387;1755694080.387
18.0;;1755694080.254;983.6166178385416;413.91788736979163;77;Saccade;;;0.0;1755694080.62;1755694080.62
;16.0;1755694080.387;1380.7423502604165;436.23901367187494;79;Fixation;1385.3048270089282;441.51396251860115;0.19999980926513672;1755694080.687;1755694080.687
19.0;;1755694080.62;1378.0919596354167;450.12858072916663;82;Saccade;;;0.0;1755694081.054;1755694081.054
;17.0;1755694080.687;940.0253906249999;419.3341471354167;84;Fixation;933.0275065104165;419.86586322206443;0.33299994468688965;1755694082.054;1755694082.054
20.0;;1755694081.054;0.0;1440.0;88;Saccade;;;0.0;1755694082.354;1755694082.354
;18.0;1755694082.054;1649.16162109375;331.71394856770826;94;Fixation;1635.5369331507875;335.14251825161506;0.26600003242492676;1755694082.554;1755694082.554
21.0;;1755694082.354;1643.6437174479167;327.02636718749994;97;Saccade;;;0.0;1755694082.787;1755694082.787
;19.0;1755694082.554;0.0;1440.0;99;Fixation;0.0;1440.0;0.20000004768371582;1755694083.187;1755694083.187
22.0;;1755694082.787;887.3147786458333;515.7579752604166;99;Saccade;;;0.0;1755694086.187;1755694086.187
;20.0;1755694083.187;984.9872233072916;488.04785156249994;102;Fixation;985.7726693381816;476.1730797553541;2.8329999446868896;1755694086.054;1755694086.054
;21.0;1755694086.054;0.0;1440.0;152;Fixation;0.0;1440.0;0.10000014305114746;1755694087.054;1755694087.054
23.0;;1755694086.187;1929.9742838541667;269.1502278645833;156;Saccade;;;0.0;1755694087.22;1755694087.22
;22.0;1755694087.054;1543.3688151041667;331.42700195312483;165;Fixation;1547.9747721354165;332.6198567708333;0.13300013542175293;1755694087.62;1755694087.62
24.0;;1755694087.22;1350.260498046875;298.99804687499983;165;Saccade;;;0.0;1755694087.854;1755694087.854
;23.0;1755694087.62;1173.6043294270833;285.17333984375;169;Fixation;1169.271286737351;283.8671061197916;0.20000004768371582;1755694087.987;1755694087.987
25.0;;1755694087.854;0.0;1440.0;172;Saccade;;;0.0;1755694088.654;1755694088.654
;24.0;1755694087.987;1569.51611328125;350.5267740885417;175;Fixation;1539.436422679966;357.5192702257444;0.6329998970031738;1755694089.587;1755694089.587
26.0;;1755694088.654;1259.8115234375;282.5047200520833;190;Saccade;;;0.0;1755694091.587;1755694091.587
;25.0;1755694089.587;944.062255859375;462.55891927083326;204;Fixation;936.2828084536304;451.5888220626312;12.367000102996826;1755694101.987;1755694101.987
27.0;;1755694091.587;916.9611002604165;461.2858886718749;243;Saccade;;;0.0;1755694100.487;1755694100.487
28.0;;1755694100.487;0.0;1440.0;487;Saccade;;;0.0;1755694102.154;1755694102.154
;26.0;1755694101.987;0.0;1440.0;533;Fixation;0.0;1440.0;0.13400006294250488;1755694102.754;1755694102.754
29.0;;1755694102.154;1896.8870442708335;239.15690104166669;538;Saccade;;;0.0;1755694103.054;1755694103.054
;27.0;1755694102.754;1207.9971516927085;387.812744140625;555;Fixation;1182.901631010857;379.1885105700187;0.567000150680542;1755694104.587;1755694104.587
30.0;;1755694103.054;1169.8729654947917;384.0983072916666;559;Saccade;;;0.0;1755694103.354;1755694103.354
31.0;;1755694103.354;1141.1481119791667;339.24169921875006;564;Saccade;;;0.0;1755694104.754;1755694104.754
;28.0;1755694104.587;725.7763671875;340.54028320312494;587;Fixation;730.0703776041667;343.41894531249994;0.13400006294250488;1755694105.587;1755694105.587
32.0;;1755694104.754;738.9997558593748;336.55631510416663;590;Saccade;;;0.0;1755694105.721;1755694105.721
;29.0;1755694105.587;1063.9611816406248;378.33951822916663;608;Fixation;1069.777587890625;377.99713134765614;0.10000014305114746;1755694107.087;1755694107.087
33.0;;1755694105.721;1093.126220703125;376.9772949218749;610;Saccade;;;0.0;1755694107.221;1755694107.221
;30.0;1755694107.087;651.7813720703124;385.527099609375;637;Fixation;656.2481282552084;384.39418538411456;0.10000014305114746;1755694107.587;1755694107.587
34.0;;1755694107.221;675.6167805989584;381.49552408854163;639;Saccade;;;0.0;1755694107.887;1755694107.887
;31.0;1755694107.587;1296.8779296875;360.9825846354166;650;Fixation;1295.2394657841435;359.616138599537;0.2670001983642578;1755694107.954;1755694107.954
35.0;;1755694107.887;1285.9344075520833;358.3403320312499;659;Saccade;;;0.0;1755694108.187;1755694108.187
;32.0;1755694107.954;760.9077148437498;335.1726888020833;661;Fixation;773.3936593191963;337.7012416294643;0.20000004768371582;1755694108.787;1755694108.787
36.0;;1755694108.187;775.5850423177083;333.0917154947916;668;Saccade;;;0.0;1755694109.254;1755694109.254
;33.0;1755694108.787;1892.4130859375;370.16975911458337;686;Fixation;1892.1855535944403;379.24143431672854;0.43400001525878906;1755694109.354;1755694109.354
37.0;;1755694109.254;0.0;1440.0;700;Saccade;;;0.0;1755694110.421;1755694110.421
;34.0;1755694109.354;695.1145833333333;362.88899739583326;703;Fixation;712.8547833527969;359.72113704718686;1.0329999923706055;1755694110.454;1755694110.454
38.0;;1755694110.421;993.2987467447915;340.6660970052083;734;Saccade;;;0.0;1755694110.687;1755694110.687
;35.0;1755694110.454;1193.2981770833335;343.50594075520837;736;Fixation;1197.2910388764883;343.6623767671131;0.20000004768371582;1755694110.921;1755694110.921
39.0;;1755694110.687;1224.635498046875;346.627685546875;742;Saccade;;;0.0;1755694111.321;1755694111.321
;36.0;1755694110.921;715.7870279947915;337.0891927083333;750;Fixation;730.2791562124806;342.5539699928796;0.3659999370574951;1755694111.587;1755694111.587
40.0;;1755694111.321;714.724609375;342.29744466145837;762;Saccade;;;0.0;1755694111.921;1755694111.921
;37.0;1755694111.587;1232.8282877604165;342.39054361979163;770;Fixation;1205.2678185066031;338.4636483840859;0.3000001907348633;1755694112.021;1755694112.021
41.0;;1755694111.921;1193.6121419270833;329.78670247395837;780;Saccade;;;0.0;1755694112.487;1755694112.487
;38.0;1755694112.021;690.748779296875;303.693359375;783;Fixation;683.9768660544498;301.5102540796632;0.4330000877380371;1755694112.521;1755694112.521
42.0;;1755694112.487;1003.946044921875;310.8445638020833;797;Saccade;;;0.0;1755694112.654;1755694112.654
;39.0;1755694112.521;1176.4343261718748;317.41300455729163;798;Fixation;1205.099161783854;328.9651184082031;0.33300018310546875;1755694113.454;1755694113.454
43.0;;1755694112.654;1194.248046875;320.7015787760417;801;Saccade;;;0.0;1755694112.887;1755694112.887
44.0;;1755694112.887;1253.7835286458333;345.8358561197916;809;Saccade;;;0.0;1755694113.621;1755694113.621
;40.0;1755694113.454;0.0;1440.0;826;Fixation;0.0;1440.0;0.13299989700317383;1755694114.321;1755694114.321
45.0;;1755694113.621;1029.175537109375;515.3252766927083;831;Saccade;;;0.0;1755694114.487;1755694114.487
;41.0;1755694114.321;1452.4093424479167;498.7186686197915;851;Fixation;1454.1814453125003;492.0240722656249;0.13299989700317383;1755694116.354;1755694116.354
46.0;;1755694114.487;1460.0524088541667;482.42488606770826;853;Saccade;;;0.0;1755694116.787;1755694116.787
;42.0;1755694116.354;1044.0728352864583;264.08951822916663;907;Fixation;1054.4563723281963;279.7345509427488;1.0329999923706055;1755694117.454;1755694117.454
47.0;;1755694116.787;1048.4047037760415;267.65388997395826;919;Saccade;;;0.0;1755694117.421;1755694117.421
48.0;;1755694117.421;1044.5711263020833;312.20808919270837;938;Saccade;;;0.0;1755694118.121;1755694118.121
;43.0;1755694117.454;0.0;1440.0;938;Fixation;0.0;1440.0;2.4670000076293945;1755694120.521;1755694120.521
49.0;;1755694118.121;962.2926432291666;530.5265299479166;957;Saccade;;;0.0;1755694118.987;1755694118.987
50.0;;1755694118.987;868.987548828125;199.55859374999994;981;Saccade;;;0.0;1755694119.954;1755694119.954
51.0;;1755694119.954;1035.2423502604165;502.0340169270833;1007;Saccade;;;0.0;1755694120.654;1755694120.654
;44.0;1755694120.521;1473.9078776041665;503.31201171875006;1020;Fixation;1470.7650960286458;506.03497314453125;0.10000014305114746;1755694124.454;1755694124.454
52.0;;1755694120.654;1462.00439453125;518.6694335937499;1025;Saccade;;;0.0;1755694124.854;1755694124.854
;45.0;1755694124.454;1049.3940429687498;385.0155436197917;1138;Fixation;1049.979759330513;399.50225105009343;0.36700010299682617;1755694125.121;1755694125.121
53.0;;1755694124.854;1070.8582356770833;398.12687174479163;1149;Saccade;;;0.0;1755694125.288;1755694125.288
;46.0;1755694125.121;1503.3416341145833;783.6844075520833;1158;Fixation;1499.0935872395835;789.1060872395832;0.13299989700317383;1755694125.354;1755694125.354
54.0;;1755694125.288;1505.7185872395835;815.2060546875;1162;Saccade;;;0.0;1755694125.554;1755694125.554
;47.0;1755694125.354;0.0;1440.0;1164;Fixation;0.0;1440.0;6.599999904632568;1755694132.554;1755694132.554
55.0;;1755694125.554;1178.3404134114583;505.9439290364583;1170;Saccade;;;0.0;1755694127.654;1755694127.654
56.0;;1755694127.654;1034.2967122395833;519.2266438802083;1233;Saccade;;;0.0;1755694131.988;1755694131.988
57.0;;1755694131.988;1260.587158203125;313.90633138020826;1360;Saccade;;;0.0;1755694133.588;1755694133.588
;48.0;1755694132.554;1116.1454264322915;424.07259114583326;1377;Fixation;1112.0322534277345;419.1000306281711;1.0;1755694134.221;1755694134.221
58.0;;1755694133.588;960.6765950520834;393.6790364583333;1407;Saccade;;;0.0;1755694134.388;1755694134.388
;49.0;1755694134.221;854.0032552083334;739.6043294270833;1425;Fixation;861.2326171875;736.5170898437499;0.13300013542175293;1755694135.721;1755694135.721
59.0;;1755694134.388;881.7766113281249;721.351806640625;1430;Saccade;;;0.0;1755694136.054;1755694136.054
;50.0;1755694135.721;1221.8760579427083;722.0530598958334;1467;Fixation;1221.8971272786457;732.6201578776042;0.2999999523162842;1755694136.988;1755694136.988
60.0;;1755694136.054;1228.26953125;732.0147298177083;1478;Saccade;;;0.0;1755694137.388;1755694137.388
;51.0;1755694136.988;1280.5508626302083;522.0326334635416;1505;Fixation;1275.6861787293055;479.73526821911355;1.5329999923706055;1755694138.721;1755694138.721
61.0;;1755694137.388;1280.1971028645833;499.38061523437494;1517;Saccade;;;0.0;1755694138.554;1755694138.554
62.0;;1755694138.554;1238.630859375;494.7256673177083;1552;Saccade;;;0.0;1755694139.121;1755694139.121
;52.0;1755694138.721;1205.8899739583333;713.6984863281249;1556;Fixation;1204.683929275257;732.7441330346757;0.36700010299682617;1755694139.521;1755694139.521
63.0;;1755694139.121;970.9237467447916;634.1236165364583;1568;Saccade;;;0.0;1755694140.021;1755694140.021
;53.0;1755694139.521;917.8566080729165;551.943603515625;1580;Fixation;934.1297171216422;538.7214200781042;0.46700000762939453;1755694143.221;1755694143.221
64.0;;1755694140.021;949.9268391927083;538.3860677083334;1594;Saccade;;;0.0;1755694143.354;1755694143.354
;54.0;1755694143.221;1229.3579101562498;368.42675781249994;1689;Fixation;1235.3142700195312;372.3089599609375;0.10000014305114746;1755694144.521;1755694144.521
65.0;;1755694143.354;1155.9100748697915;132.79931640625003;1692;Saccade;;;0.0;1755694144.688;1755694144.688
;55.0;1755694144.521;1050.5084635416665;647.7378743489584;1728;Fixation;1076.46919880757;637.0912783482745;0.36700010299682617;1755694144.921;1755694144.921
66.0;;1755694144.688;1068.7888997395833;636.9073893229167;1731;Saccade;;;0.0;1755694145.155;1755694145.155
;56.0;1755694144.921;0.0;1440.0;1737;Fixation;0.0;1440.0;0.20000004768371582;1755694145.355;1755694145.355
67.0;;1755694145.155;1842.4138997395833;-18.738932291666643;1746;Saccade;;;0.0;1755694145.521;1755694145.521
;57.0;1755694145.355;1596.0169270833333;126.79752604166654;1752;Fixation;1612.9950804796952;161.8294690621641;0.8659999370574951;1755694148.455;1755694148.455
68.0;;1755694145.521;1614.1458333333333;131.8937988281249;1757;Saccade;;;0.0;1755694145.755;1755694145.755
69.0;;1755694145.755;1603.14306640625;163.31176757812491;1763;Saccade;;;0.0;1755694146.255;1755694146.255
70.0;;1755694146.255;1650.5979817708335;192.86995442708317;1777;Saccade;;;0.0;1755694148.621;1755694148.621
;58.0;1755694148.455;982.5139973958334;385.95751953124994;1843;Fixation;985.4949381510417;387.4803873697916;0.13300013542175293;1755694148.655;1755694148.655
71.0;;1755694148.621;1010.422607421875;392.26025390624983;1849;Saccade;;;0.0;1755694148.788;1755694148.788
;59.0;1755694148.655;1193.9173990885415;486.6087239583333;1851;Fixation;1238.9117234446755;526.4675651146492;0.8329999446868896;1755694149.688;1755694149.688
72.0;;1755694148.788;1212.9870605468748;496.9164225260416;1854;Saccade;;;0.0;1755694149.221;1755694149.221
73.0;;1755694149.221;1250.3644205729165;540.54638671875;1867;Saccade;;;0.0;1755694149.521;1755694149.521
74.0;;1755694149.521;1297.9638671875;478.32706705729163;1876;Saccade;;;0.0;1755694149.821;1755694149.821
;60.0;1755694149.688;1354.1568196614583;391.0597330729166;1881;Fixation;1337.8745399156187;387.9555315533364;0.5329999923706055;1755694150.255;1755694150.255
75.0;;1755694149.821;1354.156005859375;356.14843749999994;1884;Saccade;;;0.0;1755694150.421;1755694150.421
;61.0;1755694150.255;0.0;1440.0;1899;Fixation;0.0;1440.0;0.13299989700317383;1755694150.588;1755694150.588
76.0;;1755694150.421;1037.9859212239583;580.7966308593749;1903;Saccade;;;0.0;1755694151.655;1755694151.655
;62.0;1755694150.588;1176.6930338541665;601.4015299479166;1908;Fixation;1186.6466721037573;545.1028946029885;1.866999864578247;1755694152.555;1755694152.555
77.0;;1755694151.655;1180.4892578125;538.267822265625;1939;Saccade;;;0.0;1755694152.488;1755694152.488
78.0;;1755694152.488;1204.5882161458333;481.0760091145833;1965;Saccade;;;0.0;1755694152.721;1755694152.721
;63.0;1755694152.555;1023.0548502604165;511.0900065104167;1968;Fixation;1039.7044222664374;534.9617475158345;0.39999985694885254;1755694153.221;1755694153.221
79.0;;1755694152.721;1041.876220703125;530.0532226562501;1971;Saccade;;;0.0;1755694152.988;1755694152.988
80.0;;1755694152.988;1044.7054850260415;568.3936360677083;1979;Saccade;;;0.0;1755694153.588;1755694153.588
;64.0;1755694153.221;1175.7119954427083;555.0328776041666;1987;Fixation;1164.306179412448;555.4446647807389;0.3340001106262207;1755694153.855;1755694153.855
81.0;;1755694153.588;1167.2264811197917;570.0328776041666;1998;Saccade;;;0.0;1755694154.088;1755694154.088
;65.0;1755694153.855;0.0;1440.0;2006;Fixation;0.0;1440.0;0.20000004768371582;1755694154.588;1755694154.588
82.0;;1755694154.088;1233.3011881510415;-40.06315104166656;2014;Saccade;;;0.0;1755694154.821;1755694154.821
;66.0;1755694154.588;1231.3603515625;170.08886718749997;2028;Fixation;1234.4823753720234;173.97200520833326;0.20000004768371582;1755694154.888;1755694154.888
83.0;;1755694154.821;1229.0250651041667;151.83089192708323;2035;Saccade;;;0.0;1755694155.088;1755694155.088
;67.0;1755694154.888;0.0;1440.0;2036;Fixation;0.0;1440.0;0.7999999523162842;1755694157.021;1755694157.021
84.0;;1755694155.088;1010.7613932291666;919.8306477864584;2043;Saccade;;;0.0;1755694155.721;1755694155.721
85.0;;1755694155.721;1275.3589680989583;81.00496419270826;2062;Saccade;;;0.0;1755694157.188;1755694157.188
;68.0;1755694157.021;1164.2321777343748;177.84855143229154;2099;Fixation;1199.6290985158626;164.75197545924644;0.46700000762939453;1755694157.655;1755694157.655
86.0;;1755694157.188;1179.9945475260417;163.1904296875;2104;Saccade;;;0.0;1755694157.521;1755694157.521
87.0;;1755694157.521;1106.3587239583333;186.67439778645837;2114;Saccade;;;0.0;1755694157.788;1755694157.788
;69.0;1755694157.655;1056.756591796875;196.7928059895834;2117;Fixation;1047.4104817708333;198.00539143880206;0.10000014305114746;1755694157.855;1755694157.855
88.0;;1755694157.788;1028.2490234375;201.37418619791674;2121;Saccade;;;0.0;1755694158.421;1755694158.421
;70.0;1755694157.855;1255.00537109375;154.45231119791669;2122;Fixation;1245.5478705091598;153.28608201316325;4.665999889373779;1755694162.688;1755694162.688
89.0;;1755694158.421;1394.765625;137.27644856770823;2140;Saccade;;;0.0;1755694159.088;1755694159.088
90.0;;1755694159.088;0.0;1440.0;2159;Saccade;;;0.0;1755694159.588;1755694159.588
91.0;;1755694159.588;1201.16064453125;162.36263020833331;2173;Saccade;;;0.0;1755694160.088;1755694160.088
92.0;;1755694160.088;1270.6378580729165;153.21215820312506;2189;Saccade;;;0.0;1755694161.221;1755694161.221
93.0;;1755694161.221;1281.6575520833335;122.53653971354174;2222;Saccade;;;0.0;1755694161.488;1755694161.488
94.0;;1755694161.488;1308.1318359375;120.70345052083334;2230;Saccade;;;0.0;1755694161.888;1755694161.888
95.0;;1755694161.888;1265.4816894531248;146.01489257812506;2241;Saccade;;;0.0;1755694162.555;1755694162.555
96.0;;1755694162.555;1216.876708984375;86.29728190104153;2263;Saccade;;;0.0;1755694162.988;1755694162.988
;71.0;1755694162.688;0.0;1440.0;2265;Fixation;0.0;1440.0;0.2669999599456787;1755694164.921;1755694164.921
97.0;;1755694162.988;974.4537760416665;805.9775390625;2274;Saccade;;;0.0;1755694165.288;1755694165.288
;72.0;1755694164.921;1346.8453776041667;123.66951497395834;2331;Fixation;1349.8338397862944;122.96782211461634;0.3340001106262207;1755694165.455;1755694165.455
98.0;;1755694165.288;1380.3714192708333;112.54361979166661;2342;Saccade;;;0.0;1755694165.588;1755694165.588
;73.0;1755694165.455;0.0;1440.0;2353;Fixation;0.0;1440.0;0.10000014305114746;1755694167.255;1755694167.255
99.0;;1755694165.588;872.0623372395833;969.9933675130209;2353;Saccade;;;0.0;1755694167.922;1755694167.922
;74.0;1755694167.255;1209.7955729166667;503.8464355468749;2398;Fixation;1219.2695455792887;482.03741341151317;1.6999998092651367;1755694168.988;1755694168.988
100.0;;1755694167.922;1192.1778971354165;507.19417317708337;2417;Saccade;;;0.0;1755694169.155;1755694169.155
;75.0;1755694168.988;0.0;1440.0;2444;Fixation;0.0;1440.0;0.13400006294250488;1755694169.422;1755694169.422
101.0;;1755694169.155;1130.7941080729165;478.7637532552083;2451;Saccade;;;0.0;1755694169.555;1755694169.555
;76.0;1755694169.422;1209.7906901041667;443.73331705729174;2457;Fixation;1266.5312024834416;429.1379708756226;0.7999999523162842;1755694171.222;1755694171.222
102.0;;1755694169.555;1233.2425130208333;432.0078938802082;2461;Saccade;;;0.0;1755694170.255;1755694170.255
103.0;;1755694170.255;1308.36376953125;427.4258626302083;2481;Saccade;;;0.0;1755694171.355;1755694171.355
;77.0;1755694171.222;1053.5287272135415;408.437744140625;2508;Fixation;1071.3268636067708;428.3132731119791;0.3660001754760742;1755694171.622;1755694171.622
104.0;;1755694171.355;1066.26318359375;426.5443522135417;2511;Saccade;;;0.0;1755694171.822;1755694171.822
;78.0;1755694171.622;1246.433837890625;359.82560221354163;2519;Fixation;1241.0216471354167;362.1937662760416;0.1660001277923584;1755694171.988;1755694171.988
105.0;;1755694171.822;1239.2755533854167;373.7574869791666;2526;Saccade;;;0.0;1755694172.155;1755694172.155
;79.0;1755694171.988;1111.779052734375;491.8956705729166;2531;Fixation;1102.9338053385416;495.6525716145834;0.13400006294250488;1755694173.355;1755694173.355
106.0;;1755694172.155;1093.3448893229165;502.16398111979163;2534;Saccade;;;0.0;1755694173.555;1755694173.555
;80.0;1755694173.355;0.0;1440.0;2572;Fixation;0.0;1440.0;1.1670000553131104;1755694175.188;1755694175.188
107.0;;1755694173.555;1435.1442057291665;353.4499511718749;2577;Saccade;;;0.0;1755694173.988;1755694173.988
108.0;;1755694173.988;965.1692708333333;661.4138997395833;2590;Saccade;;;0.0;1755694174.555;1755694174.555
109.0;;1755694174.555;1168.1435546874998;271.37036132812494;2608;Saccade;;;0.0;1755694175.322;1755694175.322
;81.0;1755694175.188;1084.562255859375;447.40397135416663;2627;Fixation;1084.9129842122395;456.1145833333333;0.10000014305114746;1755694175.888;1755694175.888
110.0;;1755694175.322;1100.3766276041667;471.73746744791663;2630;Saccade;;;0.0;1755694176.588;1755694176.588
;82.0;1755694175.888;1322.1136067708333;498.86824544270826;2647;Fixation;1322.4847933782498;499.26345185103406;0.6670000553131104;1755694176.822;1755694176.822
111.0;;1755694176.588;1337.8524576822917;484.81274414062494;2668;Saccade;;;0.0;1755694177.788;1755694177.788
;83.0;1755694176.822;1445.6188151041667;490.4405110677083;2675;Fixation;1470.154481327135;476.38090430796296;0.9330000877380371;1755694178.022;1755694178.022
112.0;;1755694177.788;1437.5279947916667;452.05859374999994;2703;Saccade;;;0.0;1755694178.288;1755694178.288
;84.0;1755694178.022;1338.435791015625;414.50472005208326;2711;Fixation;1330.8502705891929;413.9258728027343;0.2330000400543213;1755694178.888;1755694178.888
113.0;;1755694178.288;1328.0009765625;425.1864420572915;2719;Saccade;;;0.0;1755694179.155;1755694179.155
;85.0;1755694178.888;1440.0660807291665;457.96443684895826;2735;Fixation;1401.1778120310053;442.227293172098;2.1670000553131104;1755694181.288;1755694181.288
114.0;;1755694179.155;1429.5087890625;447.7781575520833;2744;Saccade;;;0.0;1755694180.622;1755694180.622
115.0;;1755694180.622;1389.2347005208333;422.0306803385416;2787;Saccade;;;0.0;1755694181.088;1755694181.088
116.0;;1755694181.088;1358.7628580729167;376.94140625;2801;Saccade;;;0.0;1755694183.122;1755694183.122
;86.0;1755694181.288;1315.1114095052083;354.28214518229174;2807;Fixation;1257.001988041612;341.57176481079654;14.233999967575073;1755694195.889;1755694195.889
117.0;;1755694183.122;1312.218505859375;335.68945312499983;2862;Saccade;;;0.0;1755694184.822;1755694184.822
118.0;;1755694184.822;1284.6866048177083;312.5282389322916;2910;Saccade;;;0.0;1755694190.088;1755694190.088
119.0;;1755694190.088;1243.6883138020833;339.98673502604163;3063;Saccade;;;0.0;1755694194.555;1755694194.555
120.0;;1755694194.555;1185.7049967447915;359.2675781249999;3197;Saccade;;;0.0;1755694195.555;1755694195.555
121.0;;1755694195.555;1263.3794759114583;358.07324218750006;3228;Saccade;;;0.0;1755694196.189;1755694196.189
;87.0;1755694195.889;1275.0367838541665;456.0878906249999;3238;Fixation;1253.9550208276703;466.3531706040623;0.26600003242492676;1755694196.689;1755694196.689
122.0;;1755694196.189;1228.7900390625;471.123046875;3245;Saccade;;;0.0;1755694196.889;1755694196.889
;88.0;1755694196.689;0.0;1440.0;3259;Fixation;0.0;1440.0;0.1660001277923584;1755694197.155;1755694197.155
123.0;;1755694196.889;1236.7662760416665;401.18619791666663;3267;Saccade;;;0.0;1755694197.355;1755694197.355
;89.0;1755694197.155;1305.7704264322915;417.50878906250006;3275;Fixation;1339.3420501814376;412.97885102844964;3.1000001430511475;1755694201.722;1755694201.722
124.0;;1755694197.355;1315.9164225260417;407.6216634114583;3280;Saccade;;;0.0;1755694197.589;1755694197.589
125.0;;1755694197.589;1273.7433268229167;386.8078613281249;3285;Saccade;;;0.0;1755694199.155;1755694199.155
126.0;;1755694199.155;1338.25634765625;421.61816406250006;3333;Saccade;;;0.0;1755694199.955;1755694199.955
127.0;;1755694199.955;1405.1188151041665;418.22485351562506;3358;Saccade;;;0.0;1755694200.289;1755694200.289
128.0;;1755694200.289;1368.4873046875;378.49983723958337;3368;Saccade;;;0.0;1755694201.889;1755694201.889
;90.0;1755694201.722;1194.382080078125;528.6033528645833;3411;Fixation;1236.3510275863343;465.71020975154755;0.9330000877380371;1755694204.189;1755694204.189
129.0;;1755694201.889;1200.956787109375;516.3276367187499;3415;Saccade;;;0.0;1755694202.689;1755694202.689
130.0;;1755694202.689;1282.10400390625;461.95475260416663;3437;Saccade;;;0.0;1755694204.389;1755694204.389
;91.0;1755694204.189;0.0;1440.0;3461;Fixation;0.0;1440.0;0.1660001277923584;1755694205.055;1755694205.055
131.0;;1755694204.389;1138.4860026041665;286.365478515625;3463;Saccade;;;0.0;1755694205.255;1755694205.255
;92.0;1755694205.055;1388.287109375;502.2194010416666;3475;Fixation;1390.6073432250544;514.5007660499627;0.7999999523162842;1755694205.889;1755694205.889
132.0;;1755694205.255;1390.6652018229167;507.9029947916665;3480;Saccade;;;0.0;1755694205.522;1755694205.522
133.0;;1755694205.522;1383.8831380208333;529.4388020833334;3484;Saccade;;;0.0;1755694206.255;1755694206.255
;93.0;1755694205.889;1277.9388020833333;555.7799479166666;3485;Fixation;1263.042650405366;553.035459698834;0.33299994468688965;1755694206.922;1755694206.922
134.0;;1755694206.255;1262.8319498697917;558.1001790364584;3486;Saccade;;;0.0;1755694207.355;1755694207.355
;94.0;1755694206.922;1192.7085774739585;356.4000651041666;3491;Fixation;1201.4485473632812;356.4303487141927;0.2330000400543213;1755694207.189;1755694207.189
;95.0;1755694207.189;0.0;1440.0;3494;Fixation;0.0;1440.0;0.13300013542175293;1755694208.522;1755694208.522
135.0;;1755694207.355;1483.5323893229167;865.9860432942708;3495;Saccade;;;0.0;1755694208.755;1755694208.755
;96.0;1755694208.522;1600.7360026041667;562.8422037760415;3509;Fixation;1607.1737118675596;555.1131649925594;0.19999980926513672;1755694208.789;1755694208.789
136.0;;1755694208.755;1394.48876953125;519.5365397135415;3512;Saccade;;;0.0;1755694209.222;1755694209.222
;97.0;1755694208.789;1294.1554361979165;481.37198893229174;3513;Fixation;1287.1421100050115;489.90266472487014;0.39999985694885254;1755694210.089;1755694210.089
137.0;;1755694209.222;1304.54296875;509.3230794270833;3517;Saccade;;;0.0;1755694212.589;1755694212.589
;98.0;1755694210.089;1393.0138346354167;342.31095377604163;3531;Fixation;1375.5161153394388;337.9277334471401;2.7330000400543213;1755694213.155;1755694213.155
138.0;;1755694212.589;1398.1834309895835;348.28662109374994;3587;Saccade;;;0.0;1755694212.855;1755694212.855
139.0;;1755694212.855;1434.98828125;403.19637044270826;3595;Saccade;;;0.0;1755694213.289;1755694213.289
;99.0;1755694213.155;1471.2841796875;861.6857910156251;3599;Fixation;1459.311787923177;837.6227620442709;0.3340001106262207;1755694214.155;1755694214.155
140.0;;1755694213.289;1463.6650390625;843.4706217447917;3603;Saccade;;;0.0;1755694213.522;1755694213.522
141.0;;1755694213.522;1441.4129231770833;810.5039876302084;3608;Saccade;;;0.0;1755694214.322;1755694214.322
;100.0;1755694214.155;1256.42626953125;323.57275390624994;3622;Fixation;1326.2310090801043;337.13499267525776;9.6010000705719;1755694224.089;1755694224.089
142.0;;1755694214.322;1276.7718098958333;329.3106282552083;3625;Saccade;;;0.0;1755694214.956;1755694214.956
143.0;;1755694214.956;1360.7740885416665;351.4813639322917;3641;Saccade;;;0.0;1755694215.256;1755694215.256
144.0;;1755694215.256;1360.9751790364585;346.91357421875;3648;Saccade;;;0.0;1755694216.222;1755694216.222
145.0;;1755694216.222;1339.5248209635417;305.7951660156249;3677;Saccade;;;0.0;1755694218.556;1755694218.556
146.0;;1755694218.556;1338.6090494791667;361.31591796875006;3747;Saccade;;;0.0;1755694219.056;1755694219.056
147.0;;1755694219.056;1346.1399739583335;352.7197265624999;3762;Saccade;;;0.0;1755694219.489;1755694219.489
148.0;;1755694219.489;1351.6868489583335;355.7951660156249;3776;Saccade;;;0.0;1755694222.589;1755694222.589
149.0;;1755694222.589;1338.21826171875;393.82910156249994;3868;Saccade;;;0.0;1755694223.789;1755694223.789
150.0;;1755694223.789;1299.447021484375;409.2744140625;3901;Saccade;;;0.0;1755694224.489;1755694224.489
;101.0;1755694224.089;1279.5905761718748;437.57845052083326;3911;Fixation;1263.909557538925;362.344046274508;6.5329999923706055;1755694230.722;1755694230.722
151.0;;1755694224.489;1258.2328287760417;445.9816080729166;3922;Saccade;;;0.0;1755694227.122;1755694227.122
152.0;;1755694227.122;1269.0048014322915;358.2019856770832;4002;Saccade;;;0.0;1755694230.656;1755694230.656
153.0;;1755694230.656;1235.2967122395833;337.86165364583326;4108;Saccade;;;0.0;1755694231.256;1755694231.256
;102.0;1755694230.722;0.0;1440.0;4108;Fixation;0.0;1440.0;0.13400006294250488;1755694230.889;1755694230.889
;103.0;1755694230.889;1244.450439453125;386.1587727864583;4115;Fixation;1240.7782354517983;369.7234678909018;0.33299994468688965;1755694232.456;1755694232.456
154.0;;1755694231.256;1227.2281901041667;369.69514973958326;4124;Saccade;;;0.0;1755694232.689;1755694232.689
;104.0;1755694232.456;0.0;1440.0;4160;Fixation;0.0;1440.0;0.19999980926513672;1755694233.922;1755694233.922
155.0;;1755694232.689;1335.5313313802083;275.0594075520834;4169;Saccade;;;0.0;1755694234.089;1755694234.089
;105.0;1755694233.922;1224.943440755208;523.5316569010416;4205;Fixation;1233.4852376302083;520.5926106770833;0.13400006294250488;1755694234.822;1755694234.822
156.0;;1755694234.089;1256.2522786458333;511.41894531249994;4210;Saccade;;;0.0;1755694235.022;1755694235.022
;106.0;1755694234.822;909.0939127604165;457.3736165364582;4232;Fixation;901.0490722656249;462.9509141710069;0.16700005531311035;1755694235.189;1755694235.189
157.0;;1755694235.022;890.19091796875;458.9537760416667;4237;Saccade;;;0.0;1755694235.322;1755694235.322
;107.0;1755694235.189;0.0;1440.0;4244;Fixation;0.0;1440.0;1.567000150680542;1755694237.189;1755694237.189
158.0;;1755694235.322;1490.1642252604167;354.4335123697915;4247;Saccade;;;0.0;1755694236.789;1755694236.789
159.0;;1755694236.789;1139.4596354166665;313.5611165364583;4291;Saccade;;;0.0;1755694237.323;1755694237.323
;108.0;1755694237.189;1234.9551595052083;417.2747395833333;4304;Fixation;1231.314473470052;426.2700398763021;0.10000014305114746;1755694237.756;1755694237.756
160.0;;1755694237.323;1225.4478352864585;438.0408528645832;4307;Saccade;;;0.0;1755694237.923;1755694237.923
;109.0;1755694237.756;1398.7561848958333;468.22029622395826;4320;Fixation;1372.0504331390584;416.2133888765364;3.0329999923706055;1755694240.889;1755694240.889
161.0;;1755694237.923;1378.8445638020833;472.7171223958333;4325;Saccade;;;0.0;1755694238.923;1755694238.923
162.0;;1755694238.923;1402.40771484375;406.4077148437499;4356;Saccade;;;0.0;1755694239.589;1755694239.589
163.0;;1755694239.589;1314.5997721354165;394.44384765625;4375;Saccade;;;0.0;1755694240.823;1755694240.823
164.0;;1755694240.823;1320.357666015625;469.7920735677083;4412;Saccade;;;0.0;1755694241.056;1755694241.056
;110.0;1755694240.889;1320.5259602864585;507.03963216145837;4415;Fixation;1387.4677989388863;475.24989839205494;1.5340001583099365;1755694242.789;1755694242.789
165.0;;1755694241.056;1334.1559244791667;502.09033203124994;4418;Saccade;;;0.0;1755694241.323;1755694241.323
166.0;;1755694241.323;1374.2166341145833;479.49780273437494;4427;Saccade;;;0.0;1755694242.456;1755694242.456
167.0;;1755694242.456;1394.0481770833333;472.22859700520826;4461;Saccade;;;0.0;1755694242.989;1755694242.989
;111.0;1755694242.789;1388.1682942708333;350.7201334635415;4470;Fixation;1321.5742488604922;337.51388707771207;1.8339998722076416;1755694244.723;1755694244.723
168.0;;1755694242.989;1365.0390625;342.5;4477;Saccade;;;0.0;1755694243.523;1755694243.523
169.0;;1755694243.523;1312.53369140625;351.41748046875;4492;Saccade;;;0.0;1755694243.823;1755694243.823
170.0;;1755694243.823;1285.7493489583335;324.76171875000006;4502;Saccade;;;0.0;1755694244.123;1755694244.123
171.0;;1755694244.123;1288.343505859375;319.94417317708326;4511;Saccade;;;0.0;1755694244.656;1755694244.656
172.0;;1755694244.656;1363.0392252604167;325.60937500000006;4525;Saccade;;;0.0;1755694245.089;1755694245.089
;112.0;1755694244.723;0.0;1440.0;4528;Fixation;0.0;1440.0;0.1659998893737793;1755694244.923;1755694244.923
;113.0;1755694244.923;1336.0182291666665;449.7665201822917;4535;Fixation;1320.8495077775442;477.83258762730986;3.3999998569488525;1755694249.456;1755694249.456
173.0;;1755694245.089;1363.7718098958335;455.0791829427082;4539;Saccade;;;0.0;1755694245.823;1755694245.823
174.0;;1755694245.823;1305.791748046875;545.4826660156249;4560;Saccade;;;0.0;1755694248.356;1755694248.356
175.0;;1755694248.356;1301.212158203125;386.77254231770826;4637;Saccade;;;0.0;1755694249.756;1755694249.756
;114.0;1755694249.456;1231.0268554687498;294.54809570312483;4669;Fixation;1209.3870070818718;299.236031060237;0.7669999599456787;1755694250.423;1755694250.423
176.0;;1755694249.756;1195.1865234375;302.2146809895832;4678;Saccade;;;0.0;1755694249.989;1755694249.989
177.0;;1755694249.989;1188.1757812499998;292.47696940104163;4685;Saccade;;;0.0;1755694250.289;1755694250.289
178.0;;1755694250.289;0.0;1440.0;4695;Saccade;;;0.0;1755694253.756;1755694253.756
;115.0;1755694250.423;1063.2390950520833;410.33439127604174;4698;Fixation;1059.64853515625;416.9954752604167;0.13299989700317383;1755694250.589;1755694250.589
;116.0;1755694250.589;0.0;1440.0;4703;Fixation;0.0;1440.0;1.7669999599456787;1755694252.389;1755694252.389
;117.0;1755694252.389;1180.7117513020833;407.42399088541674;4757;Fixation;1169.1820039108097;396.71343343600205;0.5;1755694252.923;1755694252.923
;118.0;1755694252.923;0.0;1440.0;4772;Fixation;0.0;1440.0;0.6659998893737793;1755694253.623;1755694253.623
;119.0;1755694253.623;1429.2789713541665;413.5830891927083;4794;Fixation;1404.2899696800105;408.7371826206993;0.7000000476837158;1755694254.489;1755694254.489
179.0;;1755694253.756;1420.6590169270835;420.69604492187494;4798;Saccade;;;0.0;1755694254.023;1755694254.023
180.0;;1755694254.023;1403.9835611979165;410.75537109374994;4807;Saccade;;;0.0;1755694254.356;1755694254.356
181.0;;1755694254.356;1338.5162760416667;368.45157877604163;4817;Saccade;;;0.0;1755694254.656;1755694254.656
;120.0;1755694254.489;1304.8068033854167;345.6197916666666;4821;Fixation;1301.3159667968753;344.9810872395833;0.13399982452392578;1755694254.823;1755694254.823
182.0;;1755694254.656;1293.775146484375;368.72208658854163;4825;Saccade;;;0.0;1755694255.189;1755694255.189
;121.0;1755694254.823;0.0;1440.0;4831;Fixation;0.0;1440.0;0.33299994468688965;1755694255.256;1755694255.256
183.0;;1755694255.189;1305.4129231770833;392.97762044270837;4841;Saccade;;;0.0;1755694255.423;1755694255.423
;122.0;1755694255.256;1311.475341796875;356.52433268229163;4843;Fixation;1319.5419901455457;352.68584365040005;0.6329998970031738;1755694256.023;1755694256.023
184.0;;1755694255.423;1306.163330078125;339.87255859374994;4850;Saccade;;;0.0;1755694255.923;1755694255.923
185.0;;1755694255.923;1326.5298665364583;360.122802734375;4863;Saccade;;;0.0;1755694257.389;1755694257.389
;123.0;1755694256.023;0.0;1440.0;4865;Fixation;0.0;1440.0;1.3329999446868896;1755694258.589;1755694258.589
186.0;;1755694257.389;1573.2021484375;217.08007812499997;4907;Saccade;;;0.0;1755694258.923;1755694258.923
;124.0;1755694258.589;1371.8927408854167;415.64208984375;4942;Fixation;1404.2620151431263;421.360076949848;0.5669999122619629;1755694259.323;1755694259.323
187.0;;1755694258.923;1419.9501953125;428.50716145833337;4951;Saccade;;;0.0;1755694259.189;1755694259.189
188.0;;1755694259.189;1424.2467447916667;404.18025716145826;4959;Saccade;;;0.0;1755694259.656;1755694259.656
;125.0;1755694259.323;0.0;1440.0;4962;Fixation;0.0;1440.0;0.10000014305114746;1755694259.456;1755694259.456
;126.0;1755694259.456;1332.087890625;146.48510742187494;4967;Fixation;1326.0931667751736;148.42485894097214;0.16699981689453125;1755694259.689;1755694259.689
189.0;;1755694259.656;1328.8307291666665;136.52221679687506;4972;Saccade;;;0.0;1755694260.089;1755694260.089
;127.0;1755694259.689;0.0;1440.0;4972;Fixation;0.0;1440.0;0.36700010299682617;1755694261.523;1755694261.523
190.0;;1755694260.089;1065.1333821614585;526.3154296874999;4985;Saccade;;;0.0;1755694261.756;1755694261.756
;128.0;1755694261.523;1306.4384765625;438.20825195312494;5027;Fixation;1320.8416036442482;457.29392941687394;0.5999999046325684;1755694262.523;1755694262.523
191.0;;1755694261.756;1321.0328776041665;455.62589518229163;5035;Saccade;;;0.0;1755694262.156;1755694262.156
192.0;;1755694262.156;1318.3269856770833;472.4886881510417;5046;Saccade;;;0.0;1755694262.69;1755694262.69
;129.0;1755694262.523;1195.50341796875;501.7538248697917;5058;Fixation;1195.8079427083333;507.98575846354163;0.13299989700317383;1755694263.623;1755694263.623
193.0;;1755694262.69;1194.274169921875;522.4050292968749;5060;Saccade;;;0.0;1755694263.756;1755694263.756
;130.0;1755694263.623;1372.7913411458335;541.3964029947915;5085;Fixation;1368.686971028646;534.3847452799479;0.10000014305114746;1755694264.456;1755694264.456
194.0;;1755694263.756;1380.2965494791667;517.4926757812499;5087;Saccade;;;0.0;1755694264.623;1755694264.623
;131.0;1755694264.456;1354.1604817708333;385.79231770833337;5107;Fixation;1385.3950552743952;479.53442878583;3.366999864578247;1755694268.756;1755694268.756
195.0;;1755694264.623;1341.686279296875;407.891357421875;5111;Saccade;;;0.0;1755694265.523;1755694265.523
196.0;;1755694265.523;1356.73583984375;483.97623697916663;5138;Saccade;;;0.0;1755694265.99;1755694265.99
197.0;;1755694265.99;1364.7989095052083;488.13680013020826;5153;Saccade;;;0.0;1755694267.223;1755694267.223
198.0;;1755694267.223;1409.73193359375;524.6783854166665;5189;Saccade;;;0.0;1755694267.59;1755694267.59
199.0;;1755694267.59;1415.8819986979167;526.6807454427084;5198;Saccade;;;0.0;1755694267.856;1755694267.856
200.0;;1755694267.856;1428.8741861979167;547.8869628906249;5206;Saccade;;;0.0;1755694268.923;1755694268.923
;132.0;1755694268.756;1319.3995768229165;158.72485351562483;5231;Fixation;1316.5893880208334;162.85325520833325;0.13400006294250488;1755694269.556;1755694269.556
201.0;;1755694268.923;1348.8658040364585;164.7854817708332;5236;Saccade;;;0.0;1755694269.723;1755694269.723
;133.0;1755694269.556;0.0;1440.0;5254;Fixation;0.0;1440.0;0.13400006294250488;1755694270.056;1755694270.056
202.0;;1755694269.723;1362.9889322916667;517.7038574218751;5258;Saccade;;;0.0;1755694270.256;1755694270.256
;134.0;1755694270.056;1330.2261555989583;407.98429361979163;5269;Fixation;1352.5000039838553;414.7622323233634;1.566999912261963;1755694271.923;1755694271.923
203.0;;1755694270.256;1338.1031901041665;389.59033203124994;5274;Saccade;;;0.0;1755694270.756;1755694270.756
204.0;;1755694270.756;1380.4051106770835;405.7747395833334;5288;Saccade;;;0.0;1755694271.656;1755694271.656
205.0;;1755694271.656;1322.069580078125;464.28873697916663;5313;Saccade;;;0.0;1755694272.09;1755694272.09
;135.0;1755694271.923;1345.2802734375;509.5398763020832;5321;Fixation;1338.7917995780151;567.2802331539614;0.7669999599456787;1755694273.756;1755694273.756
206.0;;1755694272.09;1347.7169596354167;534.8509928385415;5327;Saccade;;;0.0;1755694272.49;1755694272.49
207.0;;1755694272.49;1344.0218912760417;596.1103515624999;5339;Saccade;;;0.0;1755694272.723;1755694272.723
208.0;;1755694272.723;1286.7701822916665;483.81575520833326;5347;Saccade;;;0.0;1755694273.956;1755694273.956
;136.0;1755694273.756;1320.557861328125;362.1835123697917;5376;Fixation;1330.8527920096458;396.9158388382947;0.7669999599456787;1755694274.656;1755694274.656
209.0;;1755694273.956;1330.9366048177083;376.0774739583332;5382;Saccade;;;0.0;1755694274.556;1755694274.556
210.0;;1755694274.556;1317.047607421875;408.57706705729174;5399;Saccade;;;0.0;1755694274.956;1755694274.956
;137.0;1755694274.656;1539.71044921875;497.17887369791663;5402;Fixation;1557.3527057406625;495.95674560787444;0.2670001983642578;1755694275.023;1755694275.023
211.0;;1755694274.956;1576.3684895833333;476.2545572916667;5410;Saccade;;;0.0;1755694276.023;1755694276.023
;138.0;1755694275.023;1365.48095703125;369.59855143229163;5413;Fixation;1368.9099446614584;371.34833984374995;0.13299989700317383;1755694275.19;1755694275.19
;139.0;1755694275.19;1481.39599609375;454.68155924479163;5418;Fixation;1463.4143965716196;449.8885075438425;0.7999999523162842;1755694276.156;1755694276.156
212.0;;1755694276.023;1122.2320963541665;254.17569986979166;5442;Saccade;;;0.0;1755694276.29;1755694276.29
;140.0;1755694276.156;1030.6473795572917;290.06298828124994;5447;Fixation;1031.6119791666665;300.32228597005206;0.10000014305114746;1755694277.19;1755694277.19
213.0;;1755694276.29;0.0;1440.0;5450;Saccade;;;0.0;1755694277.356;1755694277.356
;141.0;1755694277.19;1368.294921875;533.30615234375;5477;Fixation;1371.6251953125;527.1518880208334;0.13299989700317383;1755694278.723;1755694278.723
214.0;;1755694277.356;1371.4514973958333;513.5247395833333;5482;Saccade;;;0.0;1755694279.223;1755694279.223
;142.0;1755694278.723;1237.247802734375;433.36564127604163;5522;Fixation;1250.039214681152;422.6365024946883;0.46700000762939453;1755694279.79;1755694279.79
215.0;;1755694279.223;1262.7209472656248;411.45727539062506;5538;Saccade;;;0.0;1755694280.39;1755694280.39
;143.0;1755694279.79;1258.7067057291667;281.71777343750006;5555;Fixation;1261.5392569082755;263.2464916087963;0.5659999847412109;1755694281.023;1755694281.023
216.0;;1755694280.39;1277.4966634114583;253.5572102864583;5572;Saccade;;;0.0;1755694281.19;1755694281.19
;144.0;1755694281.023;1258.8180338541665;424.69425455729174;5592;Fixation;1258.0721516927083;432.659619140625;0.13299989700317383;1755694282.623;1755694282.623
217.0;;1755694281.19;1262.0142415364583;444.2744140625;5596;Saccade;;;0.0;1755694282.923;1755694282.923
;145.0;1755694282.623;1084.2742513020833;210.67643229166654;5639;Fixation;1091.3549982418426;217.07298361772513;0.2670001983642578;1755694283.29;1755694283.29
218.0;;1755694282.923;1107.8297526041665;233.41178385416663;5646;Saccade;;;0.0;1755694283.423;1755694283.423
;146.0;1755694283.29;1165.0573730468748;273.26538085937483;5659;Fixation;1169.4190266927083;280.89556884765625;0.10000014305114746;1755694284.123;1755694284.123
219.0;;1755694283.423;1154.9913736979167;287.35904947916663;5663;Saccade;;;0.0;1755694284.29;1755694284.29
;147.0;1755694284.123;967.8668619791666;336.72412109374994;5684;Fixation;935.9303081674291;323.7782825867651;3.9000000953674316;1755694288.223;1755694288.223
220.0;;1755694284.29;944.1619466145834;332.57128906249994;5689;Saccade;;;0.0;1755694286.257;1755694286.257
221.0;;1755694286.257;943.3438313802084;335.6372070312499;5748;Saccade;;;0.0;1755694286.657;1755694286.657
222.0;;1755694286.657;941.3238932291666;340.35677083333326;5760;Saccade;;;0.0;1755694287.657;1755694287.657
223.0;;1755694287.657;1012.7641601562499;333.2848307291666;5790;Saccade;;;0.0;1755694288.057;1755694288.057
224.0;;1755694288.057;984.488037109375;242.73071289062497;5802;Saccade;;;0.0;1755694288.423;1755694288.423
;148.0;1755694288.223;1034.8314615885417;244.4540201822916;5807;Fixation;986.4735216890749;264.65936689666233;2.8339998722076416;1755694291.123;1755694291.123
225.0;;1755694288.423;1037.8997395833333;252.04842122395826;5813;Saccade;;;0.0;1755694289.923;1755694289.923
226.0;;1755694289.923;959.6988118489584;266.88997395833326;5858;Saccade;;;0.0;1755694290.823;1755694290.823
227.0;;1755694290.823;962.3917643229165;235.08577473958326;5886;Saccade;;;0.0;1755694291.09;1755694291.09
228.0;;1755694291.09;0.0;1440.0;5893;Saccade;;;0.0;1755694291.323;1755694291.323
;149.0;1755694291.123;1150.426025390625;465.6527506510417;5894;Fixation;1176.8454810104222;433.7709569753629;0.7000000476837158;1755694291.957;1755694291.957
229.0;;1755694291.323;1149.01220703125;463.81005859374994;5900;Saccade;;;0.0;1755694291.857;1755694291.857
230.0;;1755694291.857;1200.5188802083333;380.0330403645832;5915;Saccade;;;0.0;1755694292.157;1755694292.157
;150.0;1755694291.957;1221.11181640625;317.0538736979167;5919;Fixation;1230.0643446180554;317.983167860243;0.1659998893737793;1755694292.59;1755694292.59
231.0;;1755694292.157;1242.0801595052083;330.06665039062494;5925;Saccade;;;0.0;1755694293.19;1755694293.19
;151.0;1755694292.59;1074.0987141927083;272.008544921875;5938;Fixation;1052.5281402307264;302.25776818945315;0.9330000877380371;1755694293.79;1755694293.79
232.0;;1755694293.19;1049.405029296875;319.3957519531249;5954;Saccade;;;0.0;1755694293.557;1755694293.557
233.0;;1755694293.557;1009.7901204427081;344.90820312499994;5966;Saccade;;;0.0;1755694293.99;1755694293.99
;152.0;1755694293.79;967.9286295572915;360.32991536458326;5973;Fixation;1008.9885591662376;365.03545066219647;1.8329999446868896;1755694296.057;1755694296.057
234.0;;1755694293.99;957.1493326822915;350.80891927083314;5979;Saccade;;;0.0;1755694294.523;1755694294.523
235.0;;1755694294.523;1017.0164388020834;347.86523437499983;5994;Saccade;;;0.0;1755694295.657;1755694295.657
236.0;;1755694295.657;1071.052490234375;374.77351888020837;6029;Saccade;;;0.0;1755694296.19;1755694296.19
;153.0;1755694296.057;1161.4565429687498;364.80078124999994;6041;Fixation;1082.9264269843416;323.12702568222926;3.7660000324249268;1755694300.123;1755694300.123
237.0;;1755694296.19;1127.6865234375;354.33121744791663;6045;Saccade;;;0.0;1755694296.39;1755694296.39
238.0;;1755694296.39;1077.4349772135415;320.185302734375;6051;Saccade;;;0.0;1755694298.157;1755694298.157
239.0;;1755694298.157;1068.8146158854167;315.0521647135416;6104;Saccade;;;0.0;1755694298.79;1755694298.79
240.0;;1755694298.79;1047.7845865885415;352.94278971354163;6124;Saccade;;;0.0;1755694299.39;1755694299.39
241.0;;1755694299.39;1120.2316080729165;366.83846028645826;6141;Saccade;;;0.0;1755694299.857;1755694299.857
242.0;;1755694299.857;1160.6188151041667;302.6934407552083;6155;Saccade;;;0.0;1755694300.39;1755694300.39
;154.0;1755694300.123;1229.2407226562498;250.16284179687486;6162;Fixation;1232.2912190755208;253.18457031249991;0.10000014305114746;1755694300.257;1755694300.257
;155.0;1755694300.257;1324.2972005208333;207.49039713541654;6167;Fixation;1322.644063313802;205.70243326822907;0.10000014305114746;1755694300.99;1755694300.99
243.0;;1755694300.39;1301.43603515625;203.98681640624991;6172;Saccade;;;0.0;1755694301.157;1755694301.157
;156.0;1755694300.99;1061.4327799479165;199.2169596354166;6188;Fixation;1160.705149482466;200.8643227081705;1.7000000476837158;1755694302.79;1755694302.79
244.0;;1755694301.157;1088.042724609375;198.20068359374994;6194;Saccade;;;0.0;1755694302.057;1755694302.057
245.0;;1755694302.057;1167.7728678385415;204.39664713541669;6221;Saccade;;;0.0;1755694302.423;1755694302.423
246.0;;1755694302.423;1243.78466796875;177.8913574218749;6231;Saccade;;;0.0;1755694302.723;1755694302.723
247.0;;1755694302.723;1240.85595703125;219.83024088541654;6241;Saccade;;;0.0;1755694302.923;1755694302.923
;157.0;1755694302.79;0.0;1440.0;6243;Fixation;0.0;1440.0;0.10000014305114746;1755694303.123;1755694303.123
248.0;;1755694302.923;970.0996907552081;506.42106119791674;6245;Saccade;;;0.0;1755694303.29;1755694303.29
;158.0;1755694303.123;1056.5436197916667;374.88069661458326;6252;Fixation;1051.6906575520832;370.4214192708333;0.13400006294250488;1755694304.69;1755694304.69
249.0;;1755694303.29;1048.1634114583333;357.92578124999983;6257;Saccade;;;0.0;1755694304.89;1755694304.89
;159.0;1755694304.69;1483.7747395833333;116.20532226562487;6300;Fixation;1476.508517795139;115.20412868923604;0.16700005531311035;1755694306.49;1755694306.49
250.0;;1755694304.89;1452.9290364583333;118.82625325520831;6305;Saccade;;;0.0;1755694306.657;1755694306.657
;160.0;1755694306.49;1092.9892578125;354.84277343750006;6353;Fixation;1103.2086588541665;359.2257486979167;0.13299989700317383;1755694306.79;1755694306.79
251.0;;1755694306.657;1114.0350748697915;357.4728190104166;6358;Saccade;;;0.0;1755694306.957;1755694306.957
;161.0;1755694306.79;0.0;1440.0;6361;Fixation;0.0;1440.0;0.13300013542175293;1755694307.257;1755694307.257
252.0;;1755694306.957;1110.101806640625;21.739257812499986;6367;Saccade;;;0.0;1755694307.457;1755694307.457
;162.0;1755694307.257;1101.7154947916667;90.27994791666657;6377;Fixation;1102.945298936632;99.58075629340271;0.1660001277923584;1755694308.157;1755694308.157
253.0;;1755694307.457;1111.7530924479165;100.59391276041659;6382;Saccade;;;0.0;1755694308.357;1755694308.357
;163.0;1755694308.157;0.0;1440.0;6401;Fixation;0.0;1440.0;0.16699981689453125;1755694309.757;1755694309.757
254.0;;1755694308.357;851.3748372395833;671.7664388020834;6407;Saccade;;;0.0;1755694309.89;1755694309.89
;164.0;1755694309.757;1039.5550130208333;420.6680501302083;6449;Fixation;1044.23779296875;411.41943359375;0.10000014305114746;1755694310.824;1755694310.824
255.0;;1755694309.89;1047.9778645833333;403.7462565104167;6453;Saccade;;;0.0;1755694310.957;1755694310.957
;165.0;1755694310.824;1327.7882486979165;529.8662923177084;6482;Fixation;1321.7400716145833;527.4759114583333;0.10000014305114746;1755694312.09;1755694312.09
256.0;;1755694310.957;1325.7024739583333;513.6680501302083;6486;Saccade;;;0.0;1755694312.357;1755694312.357
;166.0;1755694312.09;0.0;1440.0;6519;Fixation;0.0;1440.0;7.767000198364258;1755694320.79;1755694320.79
257.0;;1755694312.357;1420.6617838541665;505.8438313802083;6528;Saccade;;;0.0;1755694313.124;1755694313.124
258.0;;1755694313.124;1391.0553385416667;462.56380208333337;6551;Saccade;;;0.0;1755694314.457;1755694314.457
259.0;;1755694314.457;915.9716796875;246.95125325520826;6590;Saccade;;;0.0;1755694314.957;1755694314.957
260.0;;1755694314.957;960.2465820312499;386.26318359375006;6606;Saccade;;;0.0;1755694315.324;1755694315.324
261.0;;1755694315.324;923.8678385416665;336.7885742187499;6618;Saccade;;;0.0;1755694317.024;1755694317.024
262.0;;1755694317.024;503.9338785807291;172.55126953125;6667;Saccade;;;0.0;1755694319.89;1755694319.89
263.0;;1755694319.89;1146.7013346354165;334.77425130208337;6751;Saccade;;;0.0;1755694320.924;1755694320.924
;167.0;1755694320.79;1217.2970377604165;385.5568033854166;6773;Fixation;1209.1164143880205;389.9880981445312;0.10000014305114746;1755694321.357;1755694321.357
264.0;;1755694320.924;1234.137939453125;405.7365722656249;6777;Saccade;;;0.0;1755694321.524;1755694321.524
;168.0;1755694321.357;918.4152018229166;178.5074055989583;6792;Fixation;915.7049641927082;175.32358398437495;0.13299989700317383;1755694321.824;1755694321.824
265.0;;1755694321.524;0.0;1440.0;6796;Saccade;;;0.0;1755694321.957;1755694321.957
;169.0;1755694321.824;1041.3430175781248;402.99902343749994;6805;Fixation;1047.7115681966145;399.0582478841145;0.10000014305114746;1755694323.124;1755694323.124
266.0;;1755694321.957;1060.1092122395833;389.78743489583326;6807;Saccade;;;0.0;1755694324.09;1755694324.09
;170.0;1755694323.124;1155.1995442708333;350.0915527343749;6842;Fixation;1177.9674183769366;338.86520333904673;0.932999849319458;1755694325.257;1755694325.257
267.0;;1755694324.09;1193.6530761718748;359.7631835937499;6869;Saccade;;;0.0;1755694325.39;1755694325.39
;171.0;1755694325.257;942.9422200520834;359.8605957031249;6903;Fixation;946.8659057617188;354.85498046875;0.10000014305114746;1755694326.257;1755694326.257
268.0;;1755694325.39;966.9521484375;355.8807779947916;6907;Saccade;;;0.0;1755694326.457;1755694326.457
;172.0;1755694326.257;0.0;1440.0;6933;Fixation;0.0;1440.0;0.16700005531311035;1755694327.024;1755694327.024
269.0;;1755694326.457;1224.2115885416665;379.213623046875;6939;Saccade;;;0.0;1755694327.19;1755694327.19
;173.0;1755694327.024;827.1737467447916;362.27604166666663;6956;Fixation;828.3036946614582;363.4420735677083;0.13300013542175293;1755694327.29;1755694327.29
270.0;;1755694327.19;0.0;1440.0;6962;Saccade;;;0.0;1755694327.49;1755694327.49
;174.0;1755694327.29;1206.2328287760417;392.4348958333332;6964;Fixation;1203.6669921875;388.73084852430543;0.16700005531311035;1755694327.757;1755694327.757
271.0;;1755694327.49;1225.77294921875;388.41430664062494;6971;Saccade;;;0.0;1755694328.19;1755694328.19
;175.0;1755694327.757;804.96044921875;362.60034179687494;6979;Fixation;788.738777302805;347.58104869036674;0.40000009536743164;1755694328.524;1755694328.524
272.0;;1755694328.19;773.39306640625;325.07934570312494;6991;Saccade;;;0.0;1755694328.657;1755694328.657
;176.0;1755694328.524;1280.5189615885415;353.3141276041666;7001;Fixation;1240.1456101269393;369.9426437737656;0.4330000877380371;1755694329.49;1755694329.49
273.0;;1755694328.657;1267.2574055989585;365.1319986979166;7006;Saccade;;;0.0;1755694328.99;1755694328.99
274.0;;1755694328.99;847.0486653645834;363.4032389322917;7016;Saccade;;;0.0;1755694329.724;1755694329.724
;177.0;1755694329.49;802.2422688802084;379.81982421875;7030;Fixation;804.4954892113095;381.8856840587797;0.20000004768371582;1755694329.757;1755694329.757
275.0;;1755694329.724;0.0;1440.0;7038;Saccade;;;0.0;1755694329.99;1755694329.99
;178.0;1755694329.757;1228.12646484375;388.9401855468749;7038;Fixation;1227.0865536644344;389.02172851562494;0.20000004768371582;1755694330.457;1755694330.457
276.0;;1755694329.99;1204.984375;384.7786458333332;7046;Saccade;;;0.0;1755694330.624;1755694330.624
;179.0;1755694330.457;792.0889485677084;392.54964192708337;7059;Fixation;753.6194136334568;399.5553161835662;0.5;1755694331.024;1755694331.024
277.0;;1755694330.624;770.7296549479166;401.44978841145826;7064;Saccade;;;0.0;1755694330.99;1755694330.99
278.0;;1755694330.99;0.0;1440.0;7076;Saccade;;;0.0;1755694331.391;1755694331.391
;180.0;1755694331.024;1188.9091796875;413.73413085937494;7077;Fixation;1192.5938703033967;417.68829299249296;0.33300018310546875;1755694331.457;1755694331.457
279.0;;1755694331.391;0.0;1440.0;7087;Saccade;;;0.0;1755694331.857;1755694331.857
;181.0;1755694331.457;1831.6233723958335;445.204833984375;7089;Fixation;1834.2834472656252;446.651862250434;0.36699986457824707;1755694332.257;1755694332.257
280.0;;1755694331.857;0.0;1440.0;7101;Saccade;;;0.0;1755694332.457;1755694332.457
;182.0;1755694332.257;0.0;1440.0;7113;Fixation;0.0;1440.0;0.36700010299682617;1755694333.757;1755694333.757
281.0;;1755694332.457;-328.8722330729165;420.65340169270837;7120;Saccade;;;0.0;1755694332.657;1755694332.657
282.0;;1755694332.657;496.36824544270826;435.54109700520837;7126;Saccade;;;0.0;1755694333.957;1755694333.957
;183.0;1755694333.757;785.8147786458333;168.34627278645826;7159;Fixation;792.9362250434027;166.87759060329856;0.16700005531311035;1755694334.291;1755694334.291
283.0;;1755694333.957;800.6590169270833;149.7583821614583;7165;Saccade;;;0.0;1755694335.857;1755694335.857
;184.0;1755694334.291;1219.6106770833333;476.0222981770833;7175;Fixation;1189.3823964705562;452.293750530246;1.5329999923706055;;
284.0;;1755694335.857;1141.4418131510415;442.22794596354163;7222;Saccade;;;;;
