fixation_id;start_time;end_time;norm_pos_x;norm_pos_y;timestamp;event_type;duration;saccade_id;x;y
;1755694067.087;1755694067.753;;;1755694067.087;Saccade;0.6660001277923584;1.0;1575.1569010416667;635.9187825520834
1.0;1755694067.787;1755694068.72;1523.9213825257061;487.70904600186054;1755694067.787;Fixation;0.9330000877380371;;;
2.0;1755694068.753;1755694069.187;1384.2281436011904;456.8308047340029;1755694068.753;Fixation;0.43400001525878906;;;
;1755694069.22;1755694069.287;;;1755694069.22;Saccade;0.06699991226196289;2.0;0.0;1440.0
3.0;1755694069.32;1755694070.353;1123.9875600373446;621.0226884176764;1755694069.32;Fixation;1.0329999923706055;;;
;1755694070.387;1755694072.253;;;1755694070.387;Saccade;1.8659999370574951;3.0;1097.3200683593748;588.6588541666666
4.0;1755694072.287;1755694073.12;976.1445791889907;370.662875687024;1755694072.287;Fixation;0.8329999446868896;;;
;1755694073.153;1755694073.987;;;1755694073.153;Saccade;0.8339998722076416;4.0;956.6549479166666;384.6097819010417
5.0;1755694074.02;1755694074.22;1457.841587611607;576.2959565662202;1755694074.02;Fixation;0.20000004768371582;;;
;1755694074.253;1755694075.253;;;1755694074.253;Saccade;1.0;5.0;1459.0065104166665;586.130859375
6.0;1755694075.287;1755694076.12;1335.2082019225093;272.37886846264513;1755694075.287;Fixation;0.8329999446868896;;;
;1755694076.154;1755694076.187;;;1755694076.154;Saccade;0.03299999237060547;6.0;1217.82275390625;276.39046223958326
7.0;1755694076.22;1755694076.354;915.0359700520833;280.3442545572916;1755694076.22;Fixation;0.13400006294250488;;;
;1755694076.387;1755694076.754;;;1755694076.387;Saccade;0.36699986457824707;7.0;1047.6842447916667;280.46671549479174
8.0;1755694076.787;1755694076.954;1459.210476345486;312.8381890190972;1755694076.787;Fixation;0.16700005531311035;;;
9.0;1755694076.987;1755694077.854;1227.6578979114083;294.3904576809755;1755694076.987;Fixation;0.8670001029968262;;;
;1755694077.887;1755694078.387;;;1755694077.887;Saccade;0.5;8.0;1486.5045572916667;327.80419921874983
10.0;1755694078.42;1755694078.62;1125.8187662760415;354.4678896949404;1755694078.42;Fixation;0.19999980926513672;;;
;1755694078.654;1755694078.787;;;1755694078.654;Saccade;0.13299989700317383;9.0;1119.982177734375;350.1118977864582
11.0;1755694078.82;1755694079.02;1467.5606631324406;424.59185500372024;1755694078.82;Fixation;0.20000004768371582;;;
;1755694079.054;1755694079.22;;;1755694079.054;Saccade;0.1660001277923584;10.0;1360.1478678385415;418.08805338541663
12.0;1755694079.254;1755694079.52;1037.4670862268517;396.3692220052083;1755694079.254;Fixation;0.26600003242492676;;;
13.0;1755694079.554;1755694079.72;0.0;1440.0;1755694079.554;Fixation;0.1660001277923584;;;
14.0;1755694079.754;1755694079.887;1354.868701171875;439.022314453125;1755694079.754;Fixation;0.13300013542175293;;;
;1755694079.92;1755694079.954;;;1755694079.92;Saccade;0.03399991989135742;11.0;1333.3321940104167;439.1175944010416
15.0;1755694079.987;1755694080.22;967.1198120117188;416.01760864257807;1755694079.987;Fixation;0.2330000400543213;;;
;1755694080.254;1755694080.354;;;1755694080.254;Saccade;0.10000014305114746;12.0;983.6166178385416;413.91788736979163
16.0;1755694080.387;1755694080.587;1385.3048270089282;441.51396251860115;1755694080.387;Fixation;0.19999980926513672;;;
;1755694080.62;1755694080.654;;;1755694080.62;Saccade;0.03400015830993652;13.0;1378.0919596354167;450.12858072916663
17.0;1755694080.687;1755694081.02;933.0275065104165;419.86586322206443;1755694080.687;Fixation;0.33299994468688965;;;
;1755694081.054;1755694082.02;;;1755694081.054;Saccade;0.9660000801086426;14.0;0.0;1440.0
18.0;1755694082.054;1755694082.32;1635.5369331507875;335.14251825161506;1755694082.054;Fixation;0.26600003242492676;;;
;1755694082.354;1755694082.52;;;1755694082.354;Saccade;0.1659998893737793;15.0;1643.6437174479167;327.02636718749994
19.0;1755694082.554;1755694082.754;0.0;1440.0;1755694082.554;Fixation;0.20000004768371582;;;
;1755694082.787;1755694083.154;;;1755694082.787;Saccade;0.36700010299682617;16.0;887.3147786458333;515.7579752604166
20.0;1755694083.187;1755694086.02;985.7726693381816;476.1730797553541;1755694083.187;Fixation;2.8329999446868896;;;
21.0;1755694086.054;1755694086.154;0.0;1440.0;1755694086.054;Fixation;0.10000014305114746;;;
;1755694086.187;1755694087.02;;;1755694086.187;Saccade;0.8329999446868896;17.0;1929.9742838541667;269.1502278645833
22.0;1755694087.054;1755694087.187;1547.9747721354165;332.6198567708333;1755694087.054;Fixation;0.13300013542175293;;;
;1755694087.22;1755694087.587;;;1755694087.22;Saccade;0.36699986457824707;18.0;1350.260498046875;298.99804687499983
23.0;1755694087.62;1755694087.82;1169.271286737351;283.8671061197916;1755694087.62;Fixation;0.20000004768371582;;;
;1755694087.854;1755694087.954;;;1755694087.854;Saccade;0.09999990463256836;19.0;0.0;1440.0
24.0;1755694087.987;1755694088.62;1539.436422679966;357.5192702257444;1755694087.987;Fixation;0.6329998970031738;;;
;1755694088.654;1755694089.554;;;1755694088.654;Saccade;0.8999998569488525;20.0;1259.8115234375;282.5047200520833
25.0;1755694089.587;1755694101.954;936.2828084536304;451.5888220626312;1755694089.587;Fixation;12.367000102996826;;;
26.0;1755694101.987;1755694102.121;0.0;1440.0;1755694101.987;Fixation;0.13400006294250488;;;
;1755694102.154;1755694102.721;;;1755694102.154;Saccade;0.5669999122619629;21.0;1896.8870442708335;239.15690104166669
27.0;1755694102.754;1755694103.321;1182.901631010857;379.1885105700187;1755694102.754;Fixation;0.567000150680542;;;
;1755694103.354;1755694104.554;;;1755694103.354;Saccade;1.1999998092651367;22.0;1141.1481119791667;339.24169921875006
28.0;1755694104.587;1755694104.721;730.0703776041667;343.41894531249994;1755694104.587;Fixation;0.13400006294250488;;;
;1755694104.754;1755694105.554;;;1755694104.754;Saccade;0.7999999523162842;23.0;738.9997558593748;336.55631510416663
29.0;1755694105.587;1755694105.687;1069.777587890625;377.99713134765614;1755694105.587;Fixation;0.10000014305114746;;;
;1755694105.721;1755694107.054;;;1755694105.721;Saccade;1.3329999446868896;24.0;1093.126220703125;376.9772949218749
30.0;1755694107.087;1755694107.187;656.2481282552084;384.39418538411456;1755694107.087;Fixation;0.10000014305114746;;;
;1755694107.221;1755694107.554;;;1755694107.221;Saccade;0.33299994468688965;25.0;675.6167805989584;381.49552408854163
31.0;1755694107.587;1755694107.854;1295.2394657841435;359.616138599537;1755694107.587;Fixation;0.2670001983642578;;;
;1755694107.887;1755694107.921;;;1755694107.887;Saccade;0.03399991989135742;26.0;1285.9344075520833;358.3403320312499
32.0;1755694107.954;1755694108.154;773.3936593191963;337.7012416294643;1755694107.954;Fixation;0.20000004768371582;;;
;1755694108.187;1755694108.754;;;1755694108.187;Saccade;0.5669999122619629;27.0;775.5850423177083;333.0917154947916
33.0;1755694108.787;1755694109.221;1892.1855535944403;379.24143431672854;1755694108.787;Fixation;0.43400001525878906;;;
;1755694109.254;1755694109.321;;;1755694109.254;Saccade;0.06700015068054199;28.0;0.0;1440.0
34.0;1755694109.354;1755694110.387;712.8547833527969;359.72113704718686;1755694109.354;Fixation;1.0329999923706055;;;
;1755694110.421;1755694110.421;;;1755694110.421;Saccade;0.0;29.0;993.2987467447915;340.6660970052083
35.0;1755694110.454;1755694110.654;1197.2910388764883;343.6623767671131;1755694110.454;Fixation;0.20000004768371582;;;
;1755694110.687;1755694110.887;;;1755694110.687;Saccade;0.20000004768371582;30.0;1224.635498046875;346.627685546875
36.0;1755694110.921;1755694111.287;730.2791562124806;342.5539699928797;1755694110.921;Fixation;0.3659999370574951;;;
;1755694111.321;1755694111.554;;;1755694111.321;Saccade;0.2329998016357422;31.0;714.724609375;342.29744466145837
37.0;1755694111.587;1755694111.887;1205.2678185066031;338.4636483840859;1755694111.587;Fixation;0.3000001907348633;;;
;1755694111.921;1755694111.987;;;1755694111.921;Saccade;0.06599998474121094;32.0;1193.6121419270833;329.78670247395837
38.0;1755694112.021;1755694112.454;683.9768660544498;301.5102540796632;1755694112.021;Fixation;0.4330000877380371;;;
;1755694112.487;1755694112.487;;;1755694112.487;Saccade;0.0;33.0;1003.946044921875;310.8445638020833
39.0;1755694112.521;1755694112.854;1205.099161783854;328.9651184082031;1755694112.521;Fixation;0.33300018310546875;;;
;1755694112.887;1755694113.421;;;1755694112.887;Saccade;0.5339999198913574;34.0;1253.7835286458333;345.8358561197916
40.0;1755694113.454;1755694113.587;0.0;1440.0;1755694113.454;Fixation;0.13299989700317383;;;
;1755694113.621;1755694114.287;;;1755694113.621;Saccade;0.6659998893737793;35.0;1029.175537109375;515.3252766927083
41.0;1755694114.321;1755694114.454;1454.1814453125003;492.0240722656249;1755694114.321;Fixation;0.13299989700317383;;;
;1755694114.487;1755694116.287;;;1755694114.487;Saccade;1.7999999523162842;36.0;1460.0524088541667;482.42488606770826
42.0;1755694116.354;1755694117.387;1054.4563723281963;279.7345509427488;1755694116.354;Fixation;1.0329999923706055;;;
;1755694117.421;1755694117.421;;;1755694117.421;Saccade;0.0;37.0;1044.5711263020833;312.20808919270837
43.0;1755694117.454;1755694119.921;0.0;1440.0;1755694117.454;Fixation;2.4670000076293945;;;
;1755694119.954;1755694120.487;;;1755694119.954;Saccade;0.5329999923706055;38.0;1035.2423502604165;502.0340169270833
44.0;1755694120.521;1755694120.621;1470.7650960286458;506.03497314453125;1755694120.521;Fixation;0.10000014305114746;;;
;1755694120.654;1755694124.421;;;1755694120.654;Saccade;3.7669999599456787;39.0;1462.00439453125;518.6694335937499
45.0;1755694124.454;1755694124.821;1049.979759330513;399.50225105009343;1755694124.454;Fixation;0.36700010299682617;;;
;1755694124.854;1755694125.088;;;1755694124.854;Saccade;0.23399996757507324;40.0;1070.8582356770833;398.12687174479163
46.0;1755694125.121;1755694125.254;1499.0935872395835;789.1060872395832;1755694125.121;Fixation;0.13299989700317383;;;
;1755694125.288;1755694125.321;;;1755694125.288;Saccade;0.03299999237060547;41.0;1505.7185872395835;815.2060546875
47.0;1755694125.354;1755694131.954;0.0;1440.0;1755694125.354;Fixation;6.599999904632568;;;
;1755694131.988;1755694132.521;;;1755694131.988;Saccade;0.5329999923706055;42.0;1260.587158203125;313.90633138020826
48.0;1755694132.554;1755694133.554;1112.0322534277345;419.1000306281711;1755694132.554;Fixation;1.0;;;
;1755694133.588;1755694134.188;;;1755694133.588;Saccade;0.5999999046325684;43.0;960.6765950520834;393.6790364583333
49.0;1755694134.221;1755694134.354;861.2326171875;736.5170898437499;1755694134.221;Fixation;0.13300013542175293;;;
;1755694134.388;1755694135.688;;;1755694134.388;Saccade;1.2999999523162842;44.0;881.7766113281249;721.351806640625
50.0;1755694135.721;1755694136.021;1221.8971272786457;732.6201578776042;1755694135.721;Fixation;0.2999999523162842;;;
;1755694136.054;1755694136.954;;;1755694136.054;Saccade;0.9000000953674316;45.0;1228.26953125;732.0147298177083
51.0;1755694136.988;1755694138.521;1275.6861787293055;479.7352682191136;1755694136.988;Fixation;1.5329999923706055;;;
;1755694138.554;1755694138.688;;;1755694138.554;Saccade;0.13400006294250488;46.0;1238.630859375;494.7256673177083
52.0;1755694138.721;1755694139.088;1204.683929275257;732.7441330346757;1755694138.721;Fixation;0.36700010299682617;;;
;1755694139.121;1755694139.454;;;1755694139.121;Saccade;0.33299994468688965;47.0;970.9237467447916;634.1236165364583
53.0;1755694139.521;1755694139.988;934.1297171216422;538.7214200781042;1755694139.521;Fixation;0.46700000762939453;;;
;1755694140.021;1755694143.188;;;1755694140.021;Saccade;3.1670000553131104;48.0;949.9268391927083;538.3860677083334
54.0;1755694143.221;1755694143.321;1235.3142700195312;372.3089599609375;1755694143.221;Fixation;0.10000014305114746;;;
;1755694143.354;1755694144.488;;;1755694143.354;Saccade;1.1339998245239258;49.0;1155.9100748697915;132.79931640625003
55.0;1755694144.521;1755694144.888;1076.46919880757;637.0912783482745;1755694144.521;Fixation;0.36700010299682617;;;
56.0;1755694144.921;1755694145.121;0.0;1440.0;1755694144.921;Fixation;0.20000004768371582;;;
;1755694145.155;1755694145.321;;;1755694145.155;Saccade;0.1660001277923584;50.0;1842.4138997395833;-18.738932291666643
57.0;1755694145.355;1755694146.221;1612.9950804796952;161.8294690621641;1755694145.355;Fixation;0.8659999370574951;;;
;1755694146.255;1755694148.421;;;1755694146.255;Saccade;2.1659998893737793;51.0;1650.5979817708335;192.86995442708317
58.0;1755694148.455;1755694148.588;985.4949381510417;387.4803873697916;1755694148.455;Fixation;0.13300013542175293;;;
;1755694148.621;1755694148.621;;;1755694148.621;Saccade;0.0;52.0;1010.422607421875;392.26025390624983
59.0;1755694148.655;1755694149.488;1238.9117234446755;526.4675651146492;1755694148.655;Fixation;0.8329999446868896;;;
;1755694149.521;1755694149.655;;;1755694149.521;Saccade;0.13400006294250488;53.0;1297.9638671875;478.32706705729163
60.0;1755694149.688;1755694150.221;1337.8745399156187;387.9555315533364;1755694149.688;Fixation;0.5329999923706055;;;
61.0;1755694150.255;1755694150.388;0.0;1440.0;1755694150.255;Fixation;0.13299989700317383;;;
;1755694150.421;1755694150.555;;;1755694150.421;Saccade;0.13400006294250488;54.0;1037.9859212239583;580.7966308593749
62.0;1755694150.588;1755694152.455;1186.6466721037573;545.1028946029885;1755694150.588;Fixation;1.866999864578247;;;
;1755694152.488;1755694152.521;;;1755694152.488;Saccade;0.03299999237060547;55.0;1204.5882161458333;481.0760091145833
63.0;1755694152.555;1755694152.955;1039.7044222664374;534.9617475158345;1755694152.555;Fixation;0.39999985694885254;;;
;1755694152.988;1755694153.188;;;1755694152.988;Saccade;0.20000004768371582;56.0;1044.7054850260415;568.3936360677083
64.0;1755694153.221;1755694153.555;1164.306179412448;555.4446647807389;1755694153.221;Fixation;0.3340001106262207;;;
;1755694153.588;1755694153.821;;;1755694153.588;Saccade;0.2330000400543213;57.0;1167.2264811197917;570.0328776041666
65.0;1755694153.855;1755694154.055;0.0;1440.0;1755694153.855;Fixation;0.20000004768371582;;;
;1755694154.088;1755694154.555;;;1755694154.088;Saccade;0.46700000762939453;58.0;1233.3011881510415;-40.06315104166656
66.0;1755694154.588;1755694154.788;1234.4823753720234;173.97200520833326;1755694154.588;Fixation;0.20000004768371582;;;
;1755694154.821;1755694154.855;;;1755694154.821;Saccade;0.03399991989135742;59.0;1229.0250651041667;151.83089192708323
67.0;1755694154.888;1755694155.688;0.0;1440.0;1755694154.888;Fixation;0.7999999523162842;;;
;1755694155.721;1755694156.988;;;1755694155.721;Saccade;1.2669999599456787;60.0;1275.3589680989583;81.00496419270826
68.0;1755694157.021;1755694157.488;1199.6290985158626;164.75197545924644;1755694157.021;Fixation;0.46700000762939453;;;
;1755694157.521;1755694157.621;;;1755694157.521;Saccade;0.10000014305114746;61.0;1106.3587239583333;186.67439778645837
69.0;1755694157.655;1755694157.755;1047.4104817708333;198.00539143880206;1755694157.655;Fixation;0.10000014305114746;;;
;1755694157.788;1755694157.821;;;1755694157.788;Saccade;0.03299999237060547;62.0;1028.2490234375;201.37418619791674
70.0;1755694157.855;1755694162.521;1245.5478705091598;153.28608201316325;1755694157.855;Fixation;4.665999889373779;;;
;1755694162.555;1755694162.655;;;1755694162.555;Saccade;0.09999990463256836;63.0;1216.876708984375;86.29728190104153
71.0;1755694162.688;1755694162.955;0.0;1440.0;1755694162.688;Fixation;0.2669999599456787;;;
;1755694162.988;1755694164.888;;;1755694162.988;Saccade;1.9000000953674316;64.0;974.4537760416665;805.9775390625
72.0;1755694164.921;1755694165.255;1349.8338397862944;122.96782211461635;1755694164.921;Fixation;0.3340001106262207;;;
;1755694165.288;1755694165.421;;;1755694165.288;Saccade;0.13299989700317383;65.0;1380.3714192708333;112.54361979166661
73.0;1755694165.455;1755694165.555;0.0;1440.0;1755694165.455;Fixation;0.10000014305114746;;;
;1755694165.588;1755694167.222;;;1755694165.588;Saccade;1.6339998245239258;66.0;872.0623372395833;969.9933675130209
74.0;1755694167.255;1755694168.955;1219.2695455792887;482.0374134115132;1755694167.255;Fixation;1.6999998092651367;;;
75.0;1755694168.988;1755694169.122;0.0;1440.0;1755694168.988;Fixation;0.13400006294250488;;;
;1755694169.155;1755694169.388;;;1755694169.155;Saccade;0.2330000400543213;67.0;1130.7941080729165;478.7637532552083
76.0;1755694169.422;1755694170.222;1266.5312024834416;429.1379708756226;1755694169.422;Fixation;0.7999999523162842;;;
;1755694170.255;1755694171.188;;;1755694170.255;Saccade;0.932999849319458;68.0;1308.36376953125;427.4258626302083
77.0;1755694171.222;1755694171.588;1071.3268636067708;428.3132731119791;1755694171.222;Fixation;0.3660001754760742;;;
78.0;1755694171.622;1755694171.788;1241.0216471354167;362.1937662760416;1755694171.622;Fixation;0.1660001277923584;;;
;1755694171.822;1755694171.955;;;1755694171.822;Saccade;0.13299989700317383;69.0;1239.2755533854167;373.7574869791666
79.0;1755694171.988;1755694172.122;1102.9338053385416;495.6525716145834;1755694171.988;Fixation;0.13400006294250488;;;
;1755694172.155;1755694173.321;;;1755694172.155;Saccade;1.1660001277923584;70.0;1093.3448893229165;502.16398111979163
80.0;1755694173.355;1755694174.522;0.0;1440.0;1755694173.355;Fixation;1.1670000553131104;;;
;1755694174.555;1755694175.155;;;1755694174.555;Saccade;0.5999999046325684;71.0;1168.1435546874998;271.37036132812494
81.0;1755694175.188;1755694175.288;1084.9129842122395;456.1145833333333;1755694175.188;Fixation;0.10000014305114746;;;
;1755694175.322;1755694175.855;;;1755694175.322;Saccade;0.5329999923706055;72.0;1100.3766276041667;471.73746744791663
82.0;1755694175.888;1755694176.555;1322.4847933782498;499.26345185103406;1755694175.888;Fixation;0.6670000553131104;;;
;1755694176.588;1755694176.788;;;1755694176.588;Saccade;0.20000004768371582;73.0;1337.8524576822917;484.81274414062494
83.0;1755694176.822;1755694177.755;1470.154481327135;476.38090430796296;1755694176.822;Fixation;0.9330000877380371;;;
;1755694177.788;1755694177.988;;;1755694177.788;Saccade;0.19999980926513672;74.0;1437.5279947916667;452.05859374999994
84.0;1755694178.022;1755694178.255;1330.8502705891929;413.9258728027343;1755694178.022;Fixation;0.2330000400543213;;;
;1755694178.288;1755694178.855;;;1755694178.288;Saccade;0.5669999122619629;75.0;1328.0009765625;425.1864420572915
85.0;1755694178.888;1755694181.055;1401.1778120310053;442.227293172098;1755694178.888;Fixation;2.1670000553131104;;;
;1755694181.088;1755694181.255;;;1755694181.088;Saccade;0.16700005531311035;76.0;1358.7628580729167;376.94140625
86.0;1755694181.288;1755694195.522;1257.001988041612;341.57176481079654;1755694181.288;Fixation;14.233999967575073;;;
;1755694195.555;1755694195.855;;;1755694195.555;Saccade;0.2999999523162842;77.0;1263.3794759114583;358.07324218750006
87.0;1755694195.889;1755694196.155;1253.9550208276703;466.35317060406237;1755694195.889;Fixation;0.26600003242492676;;;
;1755694196.189;1755694196.655;;;1755694196.189;Saccade;0.4660000801086426;78.0;1228.7900390625;471.123046875
88.0;1755694196.689;1755694196.855;0.0;1440.0;1755694196.689;Fixation;0.1660001277923584;;;
;1755694196.889;1755694197.122;;;1755694196.889;Saccade;0.2330000400543213;79.0;1236.7662760416665;401.18619791666663
89.0;1755694197.155;1755694200.255;1339.3420501814376;412.97885102844964;1755694197.155;Fixation;3.1000001430511475;;;
;1755694200.289;1755694201.689;;;1755694200.289;Saccade;1.3999998569488525;80.0;1368.4873046875;378.49983723958337
90.0;1755694201.722;1755694202.655;1236.3510275863343;465.71020975154755;1755694201.722;Fixation;0.9330000877380371;;;
;1755694202.689;1755694204.155;;;1755694202.689;Saccade;1.4660000801086426;81.0;1282.10400390625;461.95475260416663
91.0;1755694204.189;1755694204.355;0.0;1440.0;1755694204.189;Fixation;0.1660001277923584;;;
;1755694204.389;1755694205.022;;;1755694204.389;Saccade;0.6330001354217529;82.0;1138.4860026041665;286.365478515625
92.0;1755694205.055;1755694205.855;1390.6073432250546;514.5007660499627;1755694205.055;Fixation;0.7999999523162842;;;
93.0;1755694205.889;1755694206.222;1263.042650405366;553.035459698834;1755694205.889;Fixation;0.33299994468688965;;;
;1755694206.255;1755694206.889;;;1755694206.255;Saccade;0.6339998245239258;83.0;1262.8319498697917;558.1001790364584
94.0;1755694206.922;1755694207.155;1201.4485473632812;356.4303487141927;1755694206.922;Fixation;0.2330000400543213;;;
95.0;1755694207.189;1755694207.322;0.0;1440.0;1755694207.189;Fixation;0.13300013542175293;;;
;1755694207.355;1755694208.489;;;1755694207.355;Saccade;1.1340000629425049;84.0;1483.5323893229167;865.9860432942708
96.0;1755694208.522;1755694208.722;1607.1737118675596;555.1131649925594;1755694208.522;Fixation;0.19999980926513672;;;
;1755694208.755;1755694208.755;;;1755694208.755;Saccade;0.0;85.0;1394.48876953125;519.5365397135415
97.0;1755694208.789;1755694209.189;1287.1421100050115;489.90266472487014;1755694208.789;Fixation;0.39999985694885254;;;
;1755694209.222;1755694210.055;;;1755694209.222;Saccade;0.8330001831054688;86.0;1304.54296875;509.3230794270833
98.0;1755694210.089;1755694212.822;1375.5161153394388;337.9277334471401;1755694210.089;Fixation;2.7330000400543213;;;
;1755694212.855;1755694213.122;;;1755694212.855;Saccade;0.2669999599456787;87.0;1434.98828125;403.19637044270826
99.0;1755694213.155;1755694213.489;1459.311787923177;837.622762044271;1755694213.155;Fixation;0.3340001106262207;;;
;1755694213.522;1755694214.122;;;1755694213.522;Saccade;0.5999999046325684;88.0;1441.4129231770833;810.5039876302084
100.0;1755694214.155;1755694223.756;1326.2310090801043;337.13499267525776;1755694214.155;Fixation;9.6010000705719;;;
;1755694223.789;1755694224.056;;;1755694223.789;Saccade;0.2669999599456787;89.0;1299.447021484375;409.2744140625
101.0;1755694224.089;1755694230.622;1263.909557538925;362.34404627450795;1755694224.089;Fixation;6.5329999923706055;;;
;1755694230.656;1755694230.689;;;1755694230.656;Saccade;0.03299999237060547;90.0;1235.2967122395833;337.86165364583326
102.0;1755694230.722;1755694230.856;0.0;1440.0;1755694230.722;Fixation;0.13400006294250488;;;
103.0;1755694230.889;1755694231.222;1240.7782354517983;369.7234678909018;1755694230.889;Fixation;0.33299994468688965;;;
;1755694231.256;1755694232.422;;;1755694231.256;Saccade;1.1659998893737793;91.0;1227.2281901041667;369.69514973958326
104.0;1755694232.456;1755694232.656;0.0;1440.0;1755694232.456;Fixation;0.19999980926513672;;;
;1755694232.689;1755694233.889;;;1755694232.689;Saccade;1.2000000476837158;92.0;1335.5313313802083;275.0594075520834
105.0;1755694233.922;1755694234.056;1233.4852376302083;520.5926106770833;1755694233.922;Fixation;0.13400006294250488;;;
;1755694234.089;1755694234.789;;;1755694234.089;Saccade;0.7000000476837158;93.0;1256.2522786458333;511.41894531249994
106.0;1755694234.822;1755694234.989;901.0490722656249;462.9509141710069;1755694234.822;Fixation;0.16700005531311035;;;
;1755694235.022;1755694235.156;;;1755694235.022;Saccade;0.13399982452392578;94.0;890.19091796875;458.9537760416667
107.0;1755694235.189;1755694236.756;0.0;1440.0;1755694235.189;Fixation;1.567000150680542;;;
;1755694236.789;1755694237.156;;;1755694236.789;Saccade;0.36699986457824707;95.0;1139.4596354166665;313.5611165364583
108.0;1755694237.189;1755694237.289;1231.314473470052;426.2700398763021;1755694237.189;Fixation;0.10000014305114746;;;
;1755694237.323;1755694237.723;;;1755694237.323;Saccade;0.40000009536743164;96.0;1225.4478352864585;438.0408528645832
109.0;1755694237.756;1755694240.789;1372.0504331390584;416.21338887653644;1755694237.756;Fixation;3.0329999923706055;;;
;1755694240.823;1755694240.856;;;1755694240.823;Saccade;0.03299999237060547;97.0;1320.357666015625;469.7920735677083
110.0;1755694240.889;1755694242.423;1387.4677989388863;475.249898392055;1755694240.889;Fixation;1.5340001583099365;;;
;1755694242.456;1755694242.756;;;1755694242.456;Saccade;0.2999999523162842;98.0;1394.0481770833333;472.22859700520826
111.0;1755694242.789;1755694244.623;1321.5742488604922;337.5138870777121;1755694242.789;Fixation;1.8339998722076416;;;
;1755694244.656;1755694244.689;;;1755694244.656;Saccade;0.03299999237060547;99.0;1363.0392252604167;325.60937500000006
112.0;1755694244.723;1755694244.889;0.0;1440.0;1755694244.723;Fixation;0.1659998893737793;;;
113.0;1755694244.923;1755694248.323;1320.8495077775442;477.83258762730986;1755694244.923;Fixation;3.3999998569488525;;;
;1755694248.356;1755694249.423;;;1755694248.356;Saccade;1.067000150680542;100.0;1301.212158203125;386.77254231770826
114.0;1755694249.456;1755694250.223;1209.3870070818718;299.236031060237;1755694249.456;Fixation;0.7669999599456787;;;
;1755694250.289;1755694250.389;;;1755694250.289;Saccade;0.09999990463256836;101.0;0.0;1440.0
115.0;1755694250.423;1755694250.556;1059.64853515625;416.9954752604167;1755694250.423;Fixation;0.13299989700317383;;;
116.0;1755694250.589;1755694252.356;0.0;1440.0;1755694250.589;Fixation;1.7669999599456787;;;
117.0;1755694252.389;1755694252.889;1169.1820039108097;396.71343343600205;1755694252.389;Fixation;0.5;;;
118.0;1755694252.923;1755694253.589;0.0;1440.0;1755694252.923;Fixation;0.6659998893737793;;;
119.0;1755694253.623;1755694254.323;1404.2899696800105;408.7371826206993;1755694253.623;Fixation;0.7000000476837158;;;
;1755694254.356;1755694254.456;;;1755694254.356;Saccade;0.10000014305114746;102.0;1338.5162760416667;368.45157877604163
120.0;1755694254.489;1755694254.623;1301.3159667968753;344.9810872395833;1755694254.489;Fixation;0.13399982452392578;;;
;1755694254.656;1755694254.789;;;1755694254.656;Saccade;0.13300013542175293;103.0;1293.775146484375;368.72208658854163
121.0;1755694254.823;1755694255.156;0.0;1440.0;1755694254.823;Fixation;0.33299994468688965;;;
;1755694255.189;1755694255.223;;;1755694255.189;Saccade;0.03400015830993652;104.0;1305.4129231770833;392.97762044270837
122.0;1755694255.256;1755694255.889;1319.5419901455457;352.68584365040005;1755694255.256;Fixation;0.6329998970031738;;;
;1755694255.923;1755694255.989;;;1755694255.923;Saccade;0.06599998474121094;105.0;1326.5298665364583;360.122802734375
123.0;1755694256.023;1755694257.356;0.0;1440.0;1755694256.023;Fixation;1.3329999446868896;;;
;1755694257.389;1755694258.556;;;1755694257.389;Saccade;1.1670000553131104;106.0;1573.2021484375;217.08007812499997
124.0;1755694258.589;1755694259.156;1404.2620151431263;421.360076949848;1755694258.589;Fixation;0.5669999122619629;;;
;1755694259.189;1755694259.289;;;1755694259.189;Saccade;0.10000014305114746;107.0;1424.2467447916667;404.18025716145826
125.0;1755694259.323;1755694259.423;0.0;1440.0;1755694259.323;Fixation;0.10000014305114746;;;
126.0;1755694259.456;1755694259.623;1326.0931667751736;148.42485894097214;1755694259.456;Fixation;0.16699981689453125;;;
;1755694259.656;1755694259.656;;;1755694259.656;Saccade;0.0;108.0;1328.8307291666665;136.52221679687506
127.0;1755694259.689;1755694260.056;0.0;1440.0;1755694259.689;Fixation;0.36700010299682617;;;
;1755694260.089;1755694261.49;;;1755694260.089;Saccade;1.4010000228881836;109.0;1065.1333821614585;526.3154296874999
128.0;1755694261.523;1755694262.123;1320.8416036442482;457.29392941687394;1755694261.523;Fixation;0.5999999046325684;;;
;1755694262.156;1755694262.49;;;1755694262.156;Saccade;0.3340001106262207;110.0;1318.3269856770833;472.4886881510417
129.0;1755694262.523;1755694262.656;1195.8079427083333;507.98575846354163;1755694262.523;Fixation;0.13299989700317383;;;
;1755694262.69;1755694263.59;;;1755694262.69;Saccade;0.8999998569488525;111.0;1194.274169921875;522.4050292968749
130.0;1755694263.623;1755694263.723;1368.686971028646;534.3847452799479;1755694263.623;Fixation;0.10000014305114746;;;
;1755694263.756;1755694264.423;;;1755694263.756;Saccade;0.6670000553131104;112.0;1380.2965494791667;517.4926757812499
131.0;1755694264.456;1755694267.823;1385.3950552743952;479.53442878582996;1755694264.456;Fixation;3.366999864578247;;;
;1755694267.856;1755694268.723;;;1755694267.856;Saccade;0.8670001029968262;113.0;1428.8741861979167;547.8869628906249
132.0;1755694268.756;1755694268.89;1316.5893880208334;162.85325520833325;1755694268.756;Fixation;0.13400006294250488;;;
;1755694268.923;1755694269.523;;;1755694268.923;Saccade;0.5999999046325684;114.0;1348.8658040364585;164.7854817708332
133.0;1755694269.556;1755694269.69;0.0;1440.0;1755694269.556;Fixation;0.13400006294250488;;;
;1755694269.723;1755694270.023;;;1755694269.723;Saccade;0.2999999523162842;115.0;1362.9889322916667;517.7038574218751
134.0;1755694270.056;1755694271.623;1352.5000039838553;414.7622323233634;1755694270.056;Fixation;1.566999912261963;;;
;1755694271.656;1755694271.89;;;1755694271.656;Saccade;0.23400020599365234;116.0;1322.069580078125;464.28873697916663
135.0;1755694271.923;1755694272.69;1338.7917995780151;567.2802331539614;1755694271.923;Fixation;0.7669999599456787;;;
;1755694272.723;1755694273.723;;;1755694272.723;Saccade;1.0;117.0;1286.7701822916665;483.81575520833326
136.0;1755694273.756;1755694274.523;1330.8527920096458;396.91583883829463;1755694273.756;Fixation;0.7669999599456787;;;
;1755694274.556;1755694274.623;;;1755694274.556;Saccade;0.06699991226196289;118.0;1317.047607421875;408.57706705729174
137.0;1755694274.656;1755694274.923;1557.3527057406625;495.95674560787444;1755694274.656;Fixation;0.2670001983642578;;;
;1755694274.956;1755694274.99;;;1755694274.956;Saccade;0.03399991989135742;119.0;1576.3684895833333;476.2545572916667
138.0;1755694275.023;1755694275.156;1368.9099446614584;371.34833984374995;1755694275.023;Fixation;0.13299989700317383;;;
139.0;1755694275.19;1755694275.99;1463.4143965716198;449.8885075438425;1755694275.19;Fixation;0.7999999523162842;;;
;1755694276.023;1755694276.123;;;1755694276.023;Saccade;0.09999990463256836;120.0;1122.2320963541665;254.17569986979166
140.0;1755694276.156;1755694276.256;1031.6119791666665;300.32228597005206;1755694276.156;Fixation;0.10000014305114746;;;
;1755694276.29;1755694277.156;;;1755694276.29;Saccade;0.8659999370574951;121.0;0.0;1440.0
141.0;1755694277.19;1755694277.323;1371.6251953125;527.1518880208334;1755694277.19;Fixation;0.13299989700317383;;;
;1755694277.356;1755694278.69;;;1755694277.356;Saccade;1.3340001106262207;122.0;1371.4514973958333;513.5247395833333
142.0;1755694278.723;1755694279.19;1250.039214681152;422.6365024946883;1755694278.723;Fixation;0.46700000762939453;;;
;1755694279.223;1755694279.756;;;1755694279.223;Saccade;0.5329999923706055;123.0;1262.7209472656248;411.45727539062506
143.0;1755694279.79;1755694280.356;1261.5392569082755;263.2464916087963;1755694279.79;Fixation;0.5659999847412109;;;
;1755694280.39;1755694280.99;;;1755694280.39;Saccade;0.5999999046325684;124.0;1277.4966634114583;253.5572102864583
144.0;1755694281.023;1755694281.156;1258.0721516927083;432.659619140625;1755694281.023;Fixation;0.13299989700317383;;;
;1755694281.19;1755694282.59;;;1755694281.19;Saccade;1.3999998569488525;125.0;1262.0142415364583;444.2744140625
145.0;1755694282.623;1755694282.89;1091.3549982418426;217.07298361772513;1755694282.623;Fixation;0.2670001983642578;;;
;1755694282.923;1755694283.256;;;1755694282.923;Saccade;0.33299994468688965;126.0;1107.8297526041665;233.41178385416663
146.0;1755694283.29;1755694283.39;1169.4190266927083;280.89556884765625;1755694283.29;Fixation;0.10000014305114746;;;
;1755694283.423;1755694284.09;;;1755694283.423;Saccade;0.6669998168945312;127.0;1154.9913736979167;287.35904947916663
147.0;1755694284.123;1755694288.023;935.930308167429;323.7782825867651;1755694284.123;Fixation;3.9000000953674316;;;
;1755694288.057;1755694288.19;;;1755694288.057;Saccade;0.13300013542175293;128.0;984.488037109375;242.73071289062497
148.0;1755694288.223;1755694291.057;986.4735216890749;264.65936689666233;1755694288.223;Fixation;2.8339998722076416;;;
;1755694291.09;1755694291.09;;;1755694291.09;Saccade;0.0;129.0;0.0;1440.0
149.0;1755694291.123;1755694291.823;1176.8454810104222;433.77095697536294;1755694291.123;Fixation;0.7000000476837158;;;
;1755694291.857;1755694291.923;;;1755694291.857;Saccade;0.06599998474121094;130.0;1200.5188802083333;380.0330403645832
150.0;1755694291.957;1755694292.123;1230.0643446180554;317.983167860243;1755694291.957;Fixation;0.1659998893737793;;;
;1755694292.157;1755694292.557;;;1755694292.157;Saccade;0.39999985694885254;131.0;1242.0801595052083;330.06665039062494
151.0;1755694292.59;1755694293.523;1052.5281402307264;302.25776818945315;1755694292.59;Fixation;0.9330000877380371;;;
;1755694293.557;1755694293.757;;;1755694293.557;Saccade;0.20000004768371582;132.0;1009.7901204427081;344.90820312499994
152.0;1755694293.79;1755694295.623;1008.9885591662376;365.03545066219647;1755694293.79;Fixation;1.8329999446868896;;;
;1755694295.657;1755694296.023;;;1755694295.657;Saccade;0.3659999370574951;133.0;1071.052490234375;374.77351888020837
153.0;1755694296.057;1755694299.823;1082.9264269843416;323.12702568222926;1755694296.057;Fixation;3.7660000324249268;;;
;1755694299.857;1755694300.09;;;1755694299.857;Saccade;0.2329998016357422;134.0;1160.6188151041667;302.6934407552083
154.0;1755694300.123;1755694300.223;1232.2912190755208;253.18457031249991;1755694300.123;Fixation;0.10000014305114746;;;
155.0;1755694300.257;1755694300.357;1322.644063313802;205.70243326822907;1755694300.257;Fixation;0.10000014305114746;;;
;1755694300.39;1755694300.957;;;1755694300.39;Saccade;0.5669999122619629;135.0;1301.43603515625;203.98681640624991
156.0;1755694300.99;1755694302.69;1160.705149482466;200.8643227081705;1755694300.99;Fixation;1.7000000476837158;;;
;1755694302.723;1755694302.757;;;1755694302.723;Saccade;0.03399991989135742;136.0;1240.85595703125;219.83024088541654
157.0;1755694302.79;1755694302.89;0.0;1440.0;1755694302.79;Fixation;0.10000014305114746;;;
;1755694302.923;1755694303.09;;;1755694302.923;Saccade;0.16699981689453125;137.0;970.0996907552081;506.42106119791674
158.0;1755694303.123;1755694303.257;1051.6906575520832;370.4214192708333;1755694303.123;Fixation;0.13400006294250488;;;
;1755694303.29;1755694304.657;;;1755694303.29;Saccade;1.3670001029968262;138.0;1048.1634114583333;357.92578124999983
159.0;1755694304.69;1755694304.857;1476.508517795139;115.20412868923604;1755694304.69;Fixation;0.16700005531311035;;;
;1755694304.89;1755694306.457;;;1755694304.89;Saccade;1.566999912261963;139.0;1452.9290364583333;118.82625325520831
160.0;1755694306.49;1755694306.623;1103.2086588541665;359.2257486979167;1755694306.49;Fixation;0.13299989700317383;;;
;1755694306.657;1755694306.757;;;1755694306.657;Saccade;0.09999990463256836;140.0;1114.0350748697915;357.4728190104166
161.0;1755694306.79;1755694306.923;0.0;1440.0;1755694306.79;Fixation;0.13300013542175293;;;
;1755694306.957;1755694307.223;;;1755694306.957;Saccade;0.26600003242492676;141.0;1110.101806640625;21.739257812499986
162.0;1755694307.257;1755694307.423;1102.945298936632;99.58075629340271;1755694307.257;Fixation;0.1660001277923584;;;
;1755694307.457;1755694308.124;;;1755694307.457;Saccade;0.6670000553131104;142.0;1111.7530924479165;100.59391276041659
163.0;1755694308.157;1755694308.324;0.0;1440.0;1755694308.157;Fixation;0.16699981689453125;;;
;1755694308.357;1755694309.724;;;1755694308.357;Saccade;1.366999864578247;143.0;851.3748372395833;671.7664388020834
164.0;1755694309.757;1755694309.857;1044.23779296875;411.41943359375;1755694309.757;Fixation;0.10000014305114746;;;
;1755694309.89;1755694310.79;;;1755694309.89;Saccade;0.8999998569488525;144.0;1047.9778645833333;403.7462565104167
165.0;1755694310.824;1755694310.924;1321.7400716145833;527.4759114583333;1755694310.824;Fixation;0.10000014305114746;;;
;1755694310.957;1755694312.057;;;1755694310.957;Saccade;1.0999999046325684;145.0;1325.7024739583333;513.6680501302083
166.0;1755694312.09;1755694319.857;0.0;1440.0;1755694312.09;Fixation;7.767000198364258;;;
;1755694319.89;1755694320.757;;;1755694319.89;Saccade;0.8669998645782471;146.0;1146.7013346354165;334.77425130208337
167.0;1755694320.79;1755694320.89;1209.1164143880205;389.9880981445312;1755694320.79;Fixation;0.10000014305114746;;;
;1755694320.924;1755694321.324;;;1755694320.924;Saccade;0.39999985694885254;147.0;1234.137939453125;405.7365722656249
168.0;1755694321.357;1755694321.49;915.7049641927082;175.32358398437495;1755694321.357;Fixation;0.13299989700317383;;;
;1755694321.524;1755694321.79;;;1755694321.524;Saccade;0.26600003242492676;148.0;0.0;1440.0
169.0;1755694321.824;1755694321.924;1047.7115681966145;399.0582478841145;1755694321.824;Fixation;0.10000014305114746;;;
;1755694321.957;1755694323.09;;;1755694321.957;Saccade;1.1329998970031738;149.0;1060.1092122395833;389.78743489583326
170.0;1755694323.124;1755694324.057;1177.9674183769366;338.86520333904673;1755694323.124;Fixation;0.932999849319458;;;
;1755694324.09;1755694325.224;;;1755694324.09;Saccade;1.1340000629425049;150.0;1193.6530761718748;359.7631835937499
171.0;1755694325.257;1755694325.357;946.8659057617188;354.85498046875;1755694325.257;Fixation;0.10000014305114746;;;
;1755694325.39;1755694326.224;;;1755694325.39;Saccade;0.8339998722076416;151.0;966.9521484375;355.8807779947916
172.0;1755694326.257;1755694326.424;0.0;1440.0;1755694326.257;Fixation;0.16700005531311035;;;
;1755694326.457;1755694326.99;;;1755694326.457;Saccade;0.5329999923706055;152.0;1224.2115885416665;379.213623046875
173.0;1755694327.024;1755694327.157;828.3036946614582;363.4420735677083;1755694327.024;Fixation;0.13300013542175293;;;
;1755694327.19;1755694327.257;;;1755694327.19;Saccade;0.06699991226196289;153.0;0.0;1440.0
174.0;1755694327.29;1755694327.457;1203.6669921875;388.73084852430543;1755694327.29;Fixation;0.16700005531311035;;;
;1755694327.49;1755694327.724;;;1755694327.49;Saccade;0.23399996757507324;154.0;1225.77294921875;388.41430664062494
175.0;1755694327.757;1755694328.157;788.738777302805;347.58104869036674;1755694327.757;Fixation;0.40000009536743164;;;
;1755694328.19;1755694328.49;;;1755694328.19;Saccade;0.2999999523162842;155.0;773.39306640625;325.07934570312494
176.0;1755694328.524;1755694328.957;1240.1456101269393;369.9426437737656;1755694328.524;Fixation;0.4330000877380371;;;
;1755694328.99;1755694329.457;;;1755694328.99;Saccade;0.46700000762939453;156.0;847.0486653645834;363.4032389322917
177.0;1755694329.49;1755694329.69;804.4954892113095;381.8856840587797;1755694329.49;Fixation;0.20000004768371582;;;
;1755694329.724;1755694329.724;;;1755694329.724;Saccade;0.0;157.0;0.0;1440.0
178.0;1755694329.757;1755694329.957;1227.0865536644344;389.02172851562494;1755694329.757;Fixation;0.20000004768371582;;;
;1755694329.99;1755694330.424;;;1755694329.99;Saccade;0.43400001525878906;158.0;1204.984375;384.7786458333332
179.0;1755694330.457;1755694330.957;753.6194136334568;399.5553161835662;1755694330.457;Fixation;0.5;;;
;1755694330.99;1755694330.99;;;1755694330.99;Saccade;0.0;159.0;0.0;1440.0
180.0;1755694331.024;1755694331.357;1192.5938703033967;417.68829299249296;1755694331.024;Fixation;0.33300018310546875;;;
;1755694331.391;1755694331.424;;;1755694331.391;Saccade;0.03299999237060547;160.0;0.0;1440.0
181.0;1755694331.457;1755694331.824;1834.2834472656252;446.651862250434;1755694331.457;Fixation;0.36699986457824707;;;
;1755694331.857;1755694332.224;;;1755694331.857;Saccade;0.36699986457824707;161.0;0.0;1440.0
182.0;1755694332.257;1755694332.624;0.0;1440.0;1755694332.257;Fixation;0.36700010299682617;;;
;1755694332.657;1755694333.724;;;1755694332.657;Saccade;1.066999912261963;162.0;496.36824544270826;435.54109700520837
183.0;1755694333.757;1755694333.924;792.9362250434027;166.87759060329856;1755694333.757;Fixation;0.16700005531311035;;;
;1755694333.957;1755694334.257;;;1755694333.957;Saccade;0.2999999523162842;163.0;800.6590169270833;149.7583821614583
184.0;1755694334.291;1755694335.824;1189.3823964705562;452.293750530246;1755694334.291;Fixation;1.5329999923706055;;;
;1755694335.857;1755694336.824;;;1755694335.857;Saccade;0.9669997692108154;164.0;1141.4418131510415;442.22794596354163
